-- MySQL dump 10.13  Distrib 8.0.36, for Win64 (x86_64)
--
-- Host: 127.0.0.1    Database: estorefinal
-- ------------------------------------------------------
-- Server version	8.4.0

/*!40101 SET @OLD_CHARACTER_SET_CLIENT=@@CHARACTER_SET_CLIENT */;
/*!40101 SET @OLD_CHARACTER_SET_RESULTS=@@CHARACTER_SET_RESULTS */;
/*!40101 SET @OLD_COLLATION_CONNECTION=@@COLLATION_CONNECTION */;
/*!50503 SET NAMES utf8 */;
/*!40103 SET @OLD_TIME_ZONE=@@TIME_ZONE */;
/*!40103 SET TIME_ZONE='+00:00' */;
/*!40014 SET @OLD_UNIQUE_CHECKS=@@UNIQUE_CHECKS, UNIQUE_CHECKS=0 */;
/*!40014 SET @OLD_FOREIGN_KEY_CHECKS=@@FOREIGN_KEY_CHECKS, FOREIGN_KEY_CHECKS=0 */;
/*!40101 SET @OLD_SQL_MODE=@@SQL_MODE, SQL_MODE='NO_AUTO_VALUE_ON_ZERO' */;
/*!40111 SET @OLD_SQL_NOTES=@@SQL_NOTES, SQL_NOTES=0 */;

--
-- Table structure for table `categories`
--

DROP TABLE IF EXISTS `categories`;
/*!40101 SET @saved_cs_client     = @@character_set_client */;
/*!50503 SET character_set_client = utf8mb4 */;
CREATE TABLE `categories` (
  `category_id` bigint NOT NULL AUTO_INCREMENT,
  `description` varchar(255) DEFAULT NULL,
  `category_name` varchar(255) DEFAULT NULL,
  PRIMARY KEY (`category_id`)
) ENGINE=InnoDB AUTO_INCREMENT=13 DEFAULT CHARSET=utf8mb4 COLLATE=utf8mb4_0900_ai_ci;
/*!40101 SET character_set_client = @saved_cs_client */;

--
-- Dumping data for table `categories`
--

LOCK TABLES `categories` WRITE;
/*!40000 ALTER TABLE `categories` DISABLE KEYS */;
INSERT INTO `categories` VALUES (1,NULL,'Laptop'),(2,NULL,'Laptop Gaming'),(3,NULL,'Graphic Card'),(4,NULL,'Mother Board'),(5,NULL,'CPU'),(6,NULL,'Storage'),(7,NULL,'RAM'),(8,NULL,'Monitor'),(9,NULL,'Keyboard'),(10,NULL,'Mouse'),(11,NULL,'Headphone'),(12,NULL,'Chair');
/*!40000 ALTER TABLE `categories` ENABLE KEYS */;
UNLOCK TABLES;

--
-- Table structure for table `customer_shippings`
--

DROP TABLE IF EXISTS `customer_shippings`;
/*!40101 SET @saved_cs_client     = @@character_set_client */;
/*!50503 SET character_set_client = utf8mb4 */;
CREATE TABLE `customer_shippings` (
  `cus_ship_id` bigint NOT NULL AUTO_INCREMENT,
  `city` varchar(255) DEFAULT NULL,
  `detail_address` varchar(255) DEFAULT NULL,
  `phone_number` varchar(255) DEFAULT NULL,
  `receiver_name` varchar(255) DEFAULT NULL,
  `user_id` bigint NOT NULL,
  PRIMARY KEY (`cus_ship_id`),
  KEY `FK4vh3ibth53lb3hewu2083a3nq` (`user_id`),
  CONSTRAINT `FK4vh3ibth53lb3hewu2083a3nq` FOREIGN KEY (`user_id`) REFERENCES `users` (`user_id`)
) ENGINE=InnoDB DEFAULT CHARSET=utf8mb4 COLLATE=utf8mb4_0900_ai_ci;
/*!40101 SET character_set_client = @saved_cs_client */;

--
-- Dumping data for table `customer_shippings`
--

LOCK TABLES `customer_shippings` WRITE;
/*!40000 ALTER TABLE `customer_shippings` DISABLE KEYS */;
/*!40000 ALTER TABLE `customer_shippings` ENABLE KEYS */;
UNLOCK TABLES;

--
-- Table structure for table `detail_description`
--

DROP TABLE IF EXISTS `detail_description`;
/*!40101 SET @saved_cs_client     = @@character_set_client */;
/*!50503 SET character_set_client = utf8mb4 */;
CREATE TABLE `detail_description` (
  `id` bigint NOT NULL AUTO_INCREMENT,
  `detail_content` varchar(2000) DEFAULT NULL,
  `title` varchar(255) DEFAULT NULL,
  `product_id` bigint NOT NULL,
  `order_content` bigint DEFAULT NULL,
  PRIMARY KEY (`id`),
  KEY `FKb09lp1wkfv0657mpbnu00rbxv` (`product_id`),
  CONSTRAINT `FKb09lp1wkfv0657mpbnu00rbxv` FOREIGN KEY (`product_id`) REFERENCES `products` (`product_id`) ON DELETE CASCADE ON UPDATE CASCADE
) ENGINE=InnoDB AUTO_INCREMENT=130 DEFAULT CHARSET=utf8mb4 COLLATE=utf8mb4_0900_ai_ci;
/*!40101 SET character_set_client = @saved_cs_client */;

--
-- Dumping data for table `detail_description`
--

LOCK TABLES `detail_description` WRITE;
/*!40000 ALTER TABLE `detail_description` DISABLE KEYS */;
INSERT INTO `detail_description` VALUES (5,'Acer vừa ra mắt phiên bản mới nhất của dòng máy gaming Nitro 5 - Nitro 5 AN515-45 R6EV được trang bị bộ vi xử lý AMD Ryzen 5 5600H, card đồ họa Geforce GTX 1650 4GB và tốc độ làm mới 144Hz cho hiệu năng xử lí mạnh mẽ cùng với hỗ trợ bàn phím RGB cá tính giúp mang lại trải nghiệm chơi game tốt nhất.','Đánh giá chi tiết laptop gaming Acer Nitro 5 AN515-45 R6EV',8,1),(6,'Nitro 5 AN515-45 sở hữu thiết kế ấn tượng với hai màu đen-đỏ chủ đạo, thể hiện phong cách hiếu chiến đặc trưng của dòng laptop gaming Nitro. Bề mặt được thiết kế hầm hố và góc cạnh hơn toát lên sự mạnh mẽ, cứng cáp cho người dùng. AN515-45 được trang bị màn hình FullHD với kích thước 15.6 inch cùng tần số quét là 144Hz viền siêu mỏng 6.3mm đem đến góc nhìn rộng rãi, hình ảnh rõ ràng, sắc nét. Công nghệ Acer ComfyView giúp màn hình hiển thị tốt ngoài trời nắng, đồng thời giảm ánh sáng xanh, hạn chế mỏi mắt khi dùng lâu.','Trở lại với một diện mạo mới',8,3),(7,'Nitro 5 AN515-45 tích hợp những “vũ khí” mới nhất. Với sự kết hợp từ CPU AMD Ryzen 5 5600H và VGA NVIDIA GeForce GTX 1650, AN515-45 sẽ cho hiệu năng xử lý mạnh mẽ để xử lý tốt các công việc đồ họa đơn giản trên các phần mềm chuyên dụng, tốc độ xử lý thông tin cũng tương đối nhanh và mượt mà.','Công nghệ dẫn đầu',8,2),(8,'Đèn nền bàn phím sử dụng đèn nền RGB 4 vùng và trackpad cũng được bo viền RGB nổi bật. Bàn phím đem đến độ phản hồi nhanh cùng với trải nghiệm chơi game cực kỳ phong phú và đẹp mắt. Cụm phím chuyên sử dụng khi chơi game cũng được thiết kế để dễ nhận diện khi chơi game. Giờ đây, game thủ có thể tùy chỉnh các thiết lập màu sắc và hiệu ứng khác nhau ngay trên phần mềm Nitro Sense được tích hợp sẵn.','Bàn phím RGB 4 vùng',8,4),(9,'ASUS ROG Strix G16 G614JI N4125W là một con quái vật hiệu năng đích thực, sẵn sàng chinh phục mọi tựa game nặng ký nhất. Với bộ vi xử lý Intel Core i7 thế hệ 13 mạnh mẽ kết hợp cùng card đồ họa NVIDIA GeForce RTX 40 series, chiếc laptop này mang đến sức mạnh xử lý đồ họa đỉnh cao, cho phép bạn trải nghiệm những khung hình mượt mà, sắc nét và chi tiết nhất. Cho dù bạn là một game thủ chuyên nghiệp hay chỉ đơn giản là muốn tận hưởng những giây phút giải trí đỉnh cao, ROG Strix G16 sẽ không làm bạn thất vọng.Máy còn được trang bị thêm bộ lưu trữ SSD Gen 4 512GB và 16GB RAM DDR5 4800MHz có thể nâng cấp lên đến 32GB dành cho những bạn có nhu cầu cao hơn. Những con số khủng trên đã đủ để chứng minh rằng laptop ASUS ROG Strix G16 có thể dễ dàng xử lý các tác vụ đa nhiệm cường độ cao cũng như kho game đa dạng.','Hiệu năng hiện đại',9,3),(10,'Với tần số quét 240Hz, màn hình của ROG Strix G16 G614JI N4125W loại bỏ hoàn toàn hiện tượng xé hình và mờ nhòe, mang đến những khung hình mượt mà và trơn tru, giúp bạn có lợi thế trong các trận chiến căng thẳng. Song song đó với thời gian phản hồi 3ms siêu nhanh đảm bảo rằng mọi thao tác của bạn đều được phản ánh ngay lập tức trên màn hình. Laptop ROG Strix G16 sở hữu màn hình 16 inch WQXGA tỷ lệ 16:10 cho bạn không gian rỗng rãi dù làm việc hay giải trí. Màn hình có độ phủ màu 100% DCI-P3 cho màu sắc chính xác đến từng điểm ảnh, có hỗ trợ Dolby Vision, Adaptive-Sync và tỷ lệ màn hình trên thân máy đến 90% đem đến những trải nghiệm thị giác đáng nhớ, xuất sắc.','Màn hình cung cấp hình ảnh chất lượng',9,2),(11,'ASUS ROG Strix G16 G614JI N4125W không chỉ là một sản phẩm mang nhiều tính năng mạnh mẽ mà nó còn gây ấn tượng với thiết kế hiện đại, tân tiến mang đậm chất gaming. Vỏ máy được làm từ chất liệu cao cấp màu xám Eclipse Gray tạo cảm giác chắc chắn, bền bỉ. Kết hợp với đó là những họa tiết vệt sơn bắn lấy cảm hứng từ nghệ thuật Graffiti và khoa học viễn tưởng độc đáo.Bàn phím và thân máy được sử dụng hệ thống đèn LED RGB có thể tùy chỉnh với đa chế độ hiển thị trên Armory Crate. Đặc biệt, bàn phím của ASUS ROG Strix G16 được thiết kế dành riêng cho các game thủ với độ bền cực cao có thể lên đến 20 triệu lượt nhấn. Đồng hành cũng bàn phím là công nghệ N-key rollover đảm bảo hệ thống sẽ tiếp nhận mọi mệnh lệnh từ bạn kể cả bấm nhiều phím cùng lúc.','Thiết kế ấn tượng, mạnh mẽ',9,4),(12,'Một chiếc laptop có dung lượng 16GB RAM, ổ cứng SSD 512GB, VGA cung cấp khả năng đồ họa sắc nét cùng với thiết kế hiện đại chắc chắn là một chiếc laptop gaming mà nhiều anh em đang tìm kiếm. Tự tin chiến game, thao tác cực nhanh chính là Laptop gaming ASUS ROG Strix G16 G614JI N4125W. Cùng tìm hiểu thêm những tính năng ấn tượng của chiếc máy này qua bài viết dưới đây.','Đánh giá chi tiết Laptop gaming ASUS ROG Strix G16 G614JI N4125W',9,1),(13,'Sở hữu khung máy nhỏ hơn và nhẹ hơn so với thế hệ trước nhưng ASUS TUF Gaming A15 đem lại lượng pin lớn hơn và tuổi thọ pin dài hơn. Đây là laptop ASUS gaming được trang bị bộ xử lý Intel hiệu suất sử dụng năng lượng cao, 90WHr. Nhẹ hơn và thời lượng pin dài hơn, bạn có thể tự do sử dụng laptop này khi di chuyển mọi nơi.','Năng lượng dồi dào giúp hoạt động nhiều hơn',10,3),(14,'Laptop gaming ASUS TUF Gaming A15 FA507NV LP046W thể hiện sức mạnh qua con chip AMD Ryzen 7 đầy mạnh mẽ. Thiết kế thời thượng đậm chất gaming với một cách đầy tinh tế. Hoàn thiện từ ngoại hình đến cấu hình bên trong nâng cấp trải nghiệm chơi game của mọi game thủ. Hứa hẹn ASUS TUF Gaming A15 sẽ làm mưa làm gió trên thị trường laptop gaming năm 2025 này. ','Đánh giá chi tiết laptop ASUS TUF Gaming A15 FA507NV LP046W',10,1),(15,'Được ví như một chiếc laptop gaming thế hệ mới có vẻ ngoài ấn tượng, ASUS TUF Gaming A15 thu hút mọi ánh nhìn ngay từ lần đầu bắt gặp. Toàn bộ khung được áo lên một lớp màu Jaeger Gray sang trọng. Logo được hãng đặc biệt sử dụng kiểu điêu khắc bằng laser độc đáo lấy cảm hứng từ phong cách cơ khí đầy mạnh mẽ. ','Thiết kế ấn tượng trên ASUS TUF Gaming A15 FA507NV LP046W',10,4),(16,'Hiệu năng đáng tin cậy trên ASUS TUF Gaming A15 FA507NV LP046W giúp bạn chơi game, livestream và thực hiện đa tác vụ một cách mượt mà. AMD Ryzen™ 7 7735HS tốc độ cao có thể kích hoạt nhiều luồng để xử lý đa nhiệm. Kết hợp với card màn hình RTX 4060, đáp ứng tốc độ khung hình cao của nhiều tựa game phổ biến. Tăng tốc độ tải ứng dụng với ổ SSD 512GB NVMe PCIe® và dễ dàng nâng cấp khả năng lưu trữ với ổ SSD thứ hai.','Sức mạnh vượt trội, thách đấu mọi tựa game',10,2),(17,'Laptop ASUS TUF F15 FX507ZC4 HN095W có thiết kế táo bạo và mạnh mẽ sẽ giúp bạn đa nhiệm nhiều hơn trên một chiếc laptop gaming đủ nhẹ để mang đi khắp mọi nơi.','Đánh giá chi tiết laptop gaming ASUS TUF Gaming F15 FX507ZC4 HN095W',11,1),(18,'Luôn sẵn sàng cho mọi hành trình, Asus TUF F15 FX507ZC4 HN095W xử lý dễ dàng mọi tác vụ dù là chơi game, phát trực tiếp và hơn thế nữa. Sức mạnh CPU Intel Core i5-12500H thế hệ thứ 12 phù hợp để giải trí và làm việc hàng ngày. Đồ họa nhanh và mượt mà với GPU NVIDIA GeForce RTX 3050 mang lại tốc độ khung hình cao ổn định. 16GB RAM DDR4-3200 RAM cho phép bạn đổi trang bị giữa trận một cách trơn tru. Đồng thời, ổ cứng SSD NVMe PCIe lên đến 512GB giúp đẩy nhanh thời gian tải trên tất cả các ứng dụng và trò chơi của bạn.','Hiệu năng ASUS TUF F15 FX507ZC4 HN095W tuyệt vời',11,2),(19,'Chơi game tốc độ cao như game thủ chuyên nghiệp nhờ màn hình tấm nền IPS siêu nhanh với tần số quét lên đến 144Hz. Với Adaptive-Sync, tần số quét của màn hình đồng bộ với tốc độ khung hình của GPU để giảm thiểu hiện tượng giật, lag hay xé hình, cho trải nghiệm chơi game đắm chìm siêu mượt mà.','Màn hình 15.6 inch FHD IPS sắc nét',11,3),(20,'Thiết kế bàn phím ASUS TUF F15 FX507ZC4 HN095W cho cảm giác gõ ổn định, nó giúp duy trì âm thanh khi gõ phím dưới 30dB cho bạn trải nghiệm riêng tư hơn. Đồng thời, các hotkey cho phép bạn dễ dàng thao tác các lệnh quan trọng. Hành trình phím 1,7mm cho phép thao tác nhấn phím nhẹ nhàng với khả năng tăng tốc độ gõ phím.','Bàn phím cho độ chính xác tuyệt hảo',11,4),(21,'So với các đối thủ cùng phân khúc, ASUS Vivobook 16X K3605ZF-RP634W nổi bật với hiệu năng vượt trội và thiết kế hiện đại. Bộ vi xử lý Intel Core i5-12500H mạnh mẽ hơn đáng kể so với các dòng chip cùng cấp, giúp máy xử lý mọi tác vụ một cách nhanh chóng và hiệu quả. Card đồ họa NVIDIA GeForce RTX 2050 cũng mang đến khả năng xử lý đồ họa ấn tượng, đáp ứng tốt nhu cầu của cả người dùng phổ thông và người dùng chuyên nghiệp.Máy còn sở hữu không gian lưu trữ to lớn với 512GB SSD cũng như khả năng ghi đọc dữ liệu nhanh, để giúp người dùng mở máy hoặc khởi động các ứng dụng trong nháy mắt.','Cấu hình khỏe đáp ứng mọi tác vụ',12,4),(22,'Nếu bạn đang mong muốn tìm một chiếc laptop mỏng nhẹ, hiệu năng mạnh đáp ứng được các nhu cầu từ giải trí đến công việc thì bạn có thể tham khảo ngay chiếc Laptop gaming ASUS Vivobook 16X K3605ZF RP634W. Với màn hình WUXGA 16inch, ổ cứng 512GB SSD cùng 16GB RAM cho khả năng đa nhiệm mượt mà chắc chắn sẽ làm hài lòng những người dùng khó tính nhất. Cùng tham khảo những chi tiết dưới đây để biết thêm về chiếc máy siêu phẩm này.','Đánh giá chi tiết Laptop gaming ASUS Vivobook 16X K3605ZF RP634W',12,1),(23,'Với thiết kế mỏng nhẹ và tinh tế, ASUS Vivobook 16X K3605ZF-RP634W không chỉ là một công cụ làm việc hiệu quả mà còn là một phụ kiện thời trang. Vỏ máy được làm từ chất liệu cao cấp, tạo cảm giác chắc chắn và sang trọng. các cạnh máy được thiết kế bo tròn thanh lịch giúp máy trông có phần thanh thoát, nhẹ nhàng hơn. Với độ mỏng đáng kinh ngạc đã làm tăng tính di động của máy khi bạn có thể đem đi khắp nơi từ công ty cho đến những quán cà phê.','Lớp vỏ chắn chắn, thân máy mỏng nhẹ',12,2),(24,'ASUS Vivobook 16X K3605ZF-RP634W được trang bị màn hình 16 inch WUXGA với tấm nền IPS-level, mang đến góc nhìn rộng, độ sáng cao và khả năng chống chói tốt. Tần số quét cao 144Hz giúp hình ảnh chuyển động mượt mà, giảm thiểu hiện tượng nhòe và xé hình. Với màn hình này, bạn có thể tận hưởng những thước phim, hình ảnh và trò chơi với chất lượng hình ảnh tốt nhất.','Màn hình WUXGA chi tiết, rõ ràng',12,3),(25,'Acer Aspire 5 A515 58GM 53PZ được trang bị bộ vi xử lý Intel® Core™ i5-13420H (8C/12T), hỗ trợ tốc độ tối đa lên đến 4.6GHz kết hợp cùng card đồ họa NVIDIA® GeForce® RTX™2050 4GB GDDR6 dễ dàng xử lý mọi tác vụ làm việc học tập, cân mọi tựa game mà bạn thích. Ngoài ra, đây không chỉ là bộ vi xử lý Gen 13 Raptor Lake đời mới mà còn là con chip dòng H chuyên dụng cho laptop gaming cao cấp hiệu năng cao. Bộ nhớ RAM 8GB cho phép bạn mở được nhiều cửa sổ trình duyệt Chrome cùng lúc mà vẫn không có hiện tượng giật lag quá nhiều và em laptop Acer cũng hỗ trợ nâng cấp tối đa lên đến 32GB vô cùng tiện lợi. Ổ cứng SSD 512GB NVMe PCIe đem lại khả năng lưu trữ dữ liệu rộng lớn phục vụ cho công việc, học tập, giải trí.','Cấu hình chiến mọi tựa game, tác vụ',13,2),(26,'Laptop gaming Acer Aspire 5 A515 58GM 53PZ là chiếc laptop chỉ có mức giá tầm trung ngang một chiếc laptop văn phòng nhưng bên trong lại sở hữu cấu hình mạnh mẽ đến kinh ngạc. Bộ vi xử lý Intel thế hệ thứ 13 mới nhất kết hợp card đồ họa RTX 2000 series chắc chắn sẽ mang đến cho bạn những trải nghiệm sử dụng và chiến game giải trí tuyệt vời. Cùng tìm hiểu ngay về mẫu laptop Acer này ngay dưới đây.','Đánh giá chi tiết laptop gaming Acer Aspire 5 A515 58GM 53PZ',13,1),(27,'Acer Aspire 5 A515 58GM 53PZ có vẻ ngoài vô cùng đáng kính ngạc, là một chiếc laptop gaming nhưng lại có thiết kế không hề hầm hố như những mẫu laptop gaming khác, mà lại được thiết kế vô cùng đơn giản và tinh tế với màu Steel Gray sang trọng. Acer Aspire 5 A515 58GM 53PZ là một chiếc laptop gaming nhưng trọng lượng chỉ có 1.7kg và dày 17.9mm, Acer Aspire 5 không khác gì một chiếc laptop văn phòng thông thường. Acer Aspire 5 gây được ấn tượng vô cùng lớn với người dùng khi mới vừa ra mắt với kích thước vô cùng mỏng nhẹ, đề cao sự cơ động hơn bao giờ hết, để bạn có thể dễ dàng mang đi học, đi làm và tận hưởng niềm đam mê chơi game ở bất cứ đâu. Phần bản lề máy được gia công khá kĩ nên hoàn toàn không nhận thấy có sự lỏng lẻo hay rung lắc khi sử dụng. Logo máy được làm nhỏ lại và được đặt sát bên trên phần bề mặt lưng máy tạo cảm giác nhìn thoáng mắt.','Thiết kế tối giản, di động',13,4),(28,'Màn hình kích thước 15.6 inch, độ phân giải Full HD cùng công nghệ SlimBezel viền màn hình mỏng giúp bạn có những giờ phút chơi game vô cùng mãn nhãn trên Acer Aspire 5. Tấm nền IPS cao cấp cung cấp cho bạn hình ảnh trong trẻo, góc nhìn rộng lên đến 178 độ. Tần số quét 60Hz giúp giảm thiểu hiện tượng xé hình và tăng độ chính xác các thao tác khi chúng ta chơi game. Acer cũng không quên tích hợp các công nghệ như Anti-Glare và Acer ComfyView để bạn luôn có được những trải nghiệm tốt nhất khi làm việc hay chơi game.','Chất lượng hiển thị hình ảnh chất lượng',13,3),(29,'Trang bị con chip Intel Gen 11, i5-1135G7 với sức mạnh xử lý tuyệt vời ở xung nhịp 2.4GHz đến 4.2GHz, laptop Acer Aspire 3 A315 58 54M5 đem đến tốc độ xử lý những tác vụ văn phòng như Word, Excel, PowerPoint nhanh như chớp. Với chiếc CPU từ Intel thế hệ 11, Acer Aspire 3 vẫn cung cấp sức mạnh xử lý đồ họa với Intel Iris Xe Graphics. Khả năng đa nhiệm mượt mà cùng 8GB RAM DDR4 trên Acer Aspire 3 cung cấp cho bạn khả năng làm việc với nhiều tác vụ, cửa sổ cùng lúc.Acer Aspire 3 A315 58 54M5 đem lại không gian lưu trữ lên đến 512GB SSD cho bạn thoải mái lưu trữ dữ liệu. Acer Aspire 3 vẫn còn dư một khe 2.5” SATA cho bạn thoải mái nâng cấp cho bộ nhớ, cung cấp khả năng hoạt động lâu dài với khối lượng dữ liệu khổng lồ về sau.','Cấu hình dành cho làm việc',18,4),(30,'Nổi tiếng trong dòng laptop văn phòng với thiết kế mỏng nhẹ đi cùng giá thành hợp lý, Acer Aspire 3 luôn là lựa chọn hàng đầu dành cho người dùng. Hãy cùng xem chiếc laptop từ Acer mang lại cho chúng ta những gì !','Đánh giá chi tiết laptop Aspire 3 A315 58 54M5',18,1),(31,'Acer Aspire 3 A315 58 54M5 sở hữu màn hình có kích thước 15.6 inch với độ phân giải Full HD cho người dùng khung hình vừa tầm quan sát và thích hợp cho công việc. Tấm nền TFT LCD mang đến sự nâng cấp về hình ảnh cùng độ tương phản giúp cho những chi tiết được hiển thị rõ nét và đẹp mắt. Kết hợp cùng công nghệ hiển thị Acer ComfyView, Acer Aspire 3 mang đến khả năng chống chói, màu sắc trong trẻo hơn cho trải nghiệm thị giác tuyệt vời nhất.','Khung hình 15.6 inch rõ nét và chi tiết',18,2),(32,'Sở hữu thiết kế quen thuộc của những sản phẩm trước đó trong dòng Acer Aspire 3, A315 58 54M5 được hoàn thiện với những chi tiết được bo tròn thân thiện với người dùng kèm mặt A được lấy trung tâm là logo Acer ánh bạc. Khoác lên lớp màu bạc sáng bóng và sang trọng, A315 58 54M5 sẽ là người bạn đồng hành tuyệt vời khi mang đi học và làm việc, dễ dàng cất vào trong balo với trọng lượng chỉ vỏn vẹn 1.7kg.','Thiết kế sang trọng',18,3),(33,'Acer Nitro V ANV15 51 58AN là sự lựa chọn hoàn hảo cho game thủ bởi vẻ ngoài cá tính, mạnh mẽ, hiệu năng vượt trội cùng đa dạng tiện ích hỗ trợ cho quá trình chơi game. Hãy cùng điểm qua các thông số kĩ thuật nổi bật của chiếc máy này ở bài viết bên dưới đây.','Đánh giá chi tiết laptop gaming Acer Nitro V ANV15 51 58AN',17,1),(34,'Gaming Nitro V sở hữu kiểu dáng độc đáo với những đường vát chéo ở mặt lưng cùng logo dạng Cyberpunk ấn tượng khiến máy phô diễn được nhiều nét cá tính hơn những mẫu laptop Acer Gaming Nitro có phần \'trầm tính\' ở thế hệ trước. Lớp vỏ nhựa đen cứng cáp được gia công kĩ tạo nên tính chắc chắn ở mọi bề mặt của máy. Ngoài ra, với trọng lượng chỉ 2.1kg và kích thước 362.3 x 239.89 x 22.9/26.9 mm máy cũng không quá nặng so với các mẫu laptop gaming khác trong cùng tầm giá, bạn có thể dễ dàng bỏ máy vào balo và mang đến bất kì nơi đâu mà không có cảm giác đeo quá nặng.','Thiết kế đậm chất gaming',17,4),(35,'Chiếc laptop gaming Acer Nitro V ANV15 51 58AN được trang bị phần cứng hàng đầu với những linh kiện mới nhất. Bộ vi xử lý Intel Core i5-13420H thuộc thế hệ thứ 13 mới nhất với 8 nhân 12 luồng, hỗ trợ tốc độ tối đa lên đến 4.6GHz kết hợp với card đồ họa NVIDIA® GeForce RTX™ 2050 4 GB GDDR6 giúp bạn tha hồ tận hưởng các tựa game từ AAA đến Esports. RAM 8GB cho tốc độ xử lý đa nhiệm mượt mà và nhanh chóng. Ngoài ra, bạn có thể nâng cấp lên tối đa 32GB RAM để phục vụ cho các nhu cầu công việc cần cấu hình mạnh mẽ hơn. Ổ cứng SSD 512GB PCIe NVMe giúp tăng tốc độ đọc và ghi dữ liệu, mang lại không gian lưu trữ lớn cho các dữ liệu.','Cấu hình mạnh mẽ với bộ vi xử lý Gen 13 mới nhất',17,2),(36,'Cùng Acer Nitro V ANV15 51 58AN bước vào thế giới gaming qua màn hình lớn 15.6 inch, độ phân giải Full HD. Tấm nền IPS cho bạn góc nhìn rộng lên đến 178 độ. Ngoài ra, tần số quét 144Hz giúp đồng bộ hóa tốc độ làm mới màn hình với tốc độ khung hình từ GPU, giảm thiểu độ trễ, tránh tình trạng giật hình, xé hình. Công nghệ Acer ComfyView giúp khả năng chống chói được tốt hơn bằng cách phủ một lớp bóng \'nhám mờ\' lên màn hình, giảm mỏi mắt, giảm ánh sáng xanh, màu sắc trong trẻo hơn khi sở hữu công nghệ này.','Màn hình chiến game chuẩn mực',17,3),(37,'Thiết kế đơn giản, tinh tế cùng những đường cắt đậm chất gaming. Thiết kế bàn phím tràn viền sang hai bên sát cạnh máy. Các khe tản nhiệt được thiết kế kiểu hình học, vát cạnh mang hơi hướng tương lai, giúp tối ưu nhất cho các hoạt động tản nhiệt của máy. Acer Nitro 5 Tiger AN515 58 50EE có trọng lượng 2.5kg không quá nặng so với các đối thủ cùng phân khúc laptop gaming, giúp bạn dễ dàng bỏ máy vào balo và mang đi đến mọi nơi mà bạn muốn. Acer Nitro 5 Tiger có màu Obsidian Black toát lên vẻ nam tính mạnh mẽ và đậm chất gaming, kết hợp với các đường cắt kim loại càng tạo nên các trải nghiệm mới mẻ, thú vị cho chủ nhân của nó.','Thiết kế đậm chất gaming hoàn toàn mới',16,3),(38,'Khám phá các trò chơi một cách chi tiết hơn với hình ảnh sắc nét của màn hình Full HD IPS 15,6 inch. Tận hưởng trải nghiệm chơi game mượt mà, không bị nhòe với tốc độ làm mới 144Hz và thời gian phản hồi 3ms. Đây được xem là laptop chơi game đã được Acer tăng tỷ lệ màn hình so với thân máy lên 80% và cung cấp màu sắc sống động như thật bằng công nghệ Acer ComfyView của hãng. Độ sáng 300 nits hỗ trợ bạn có thể quan sát màn hình trong mọi điều kiện ánh sáng thay đổi đột ngột.','Màn hình siêu mượt',16,2),(39,'Một trong những chiếc laptop gaming đang được săn đón trên thị trường, nhà Acer đã trang bị cho Acer Nitro 5 Tiger AN515 58 50EE card đồ họa NVIDIA GeForce RTX 3050 kết hợp CPU Intel® Core™ i5-12450H (hỗ trợ tốc độ tối đa lên đến 4.4GHz) cho ra hiệu suất xử lý cực khủng để đáp ứng tốt những tựa game hiện đại hay các ứng dụng đòi hỏi cấu hình cao. Sức mạnh của chiếc laptop này sẽ giúp bạn tự tin làm bất cứ công việc gì. Acer Nitro 5 Tiger đi kèm với RAM 8GB và ổ cứng SSD 512GB tốc độ cao, đáp ứng mọi nhu cầu đa nhiệm mà không gặp trục trặc, giảm thời gian khởi động các ứng dụng. Cả RAM và ổ cứng SSD đều có khả năng nâng cấp tốt.','Trải nghiệm sức mạnh vượt trội',16,4),(40,'Mới đây dòng Nitro yêu thích của nhà Acer đã cho ra mắt phiên bản mới mang tên Tiger. Acer Nitro 5 Tiger AN515 58 50EE hứa hẹn sẽ là một sự lựa chọn tuyệt vời cho các game thủ cần hiệu năng mạnh mẽ, thiết kế đậm chất gaming hoàn toàn mới và đặc biệt là giá cả hợp lí.','Đánh giá chi tiết Laptop Gaming Acer Nitro 5 Tiger AN515 58 50EE',16,1),(41,'Sở hữu card đồ họa rời NVIDIA GeForce RTX 3060 6GB GDDR6, Acer Nitro 5 mang đến cho người chơi tốc độ xử lý hình ảnh nhanh chóng cho hình ảnh chất lượng, rõ nét. Với chiếc card đồ họa này, bạn có thể thoải mái chiến những tựa game AAA mạnh như PUBG, Apex Legends,... mà không lo máy bị đơ.Acer AN515 được trang bị con chip AMD Ryzen 7 6800H, một trong những bộ vi xử lý mạnh mẽ nhất của AMD hiện nay có xung nhịp của chip có thể đạt tối đa lên đến 4.7GHz. Con chip Ryzen 7 6800H sở hữu 8 nhân, 16 luồng xử lý, mang đến hiệu năng vượt trội cho mọi tác vụ. Laptop Acer Nitro được tích hợp dung lượng lưu trữ SSD 512GB cho tốc độ khởi động máy, xử lý dữ liệu trong tích tắc. Và để phù hợp với người dùng có nhu cầu sử dụng cao hơn, máy cũng có hỗ trợ khe cắm M.2 NVMe để tăng cường lưu trữ dữ liệu. Ngoài ra, laptop gaming còn vô cùng ổn định với bộ nhớ 16GB RAM hỗ trợ tối đa 32GB để bạn có dung lượng lưu trữ lớn cũng như chạy đa nhiệm tác vụ cùng lúc.','Hiệu năng ấn tượng với card đồ hệ thế hệ mới',15,3),(42,'Acer Nitro 5 toát lên vẻ mạnh mẽ, nam tính với lớp áo đen bóng được hoàn thiện từ chất liệu nhựa cao cấp. Bề mặt máy được thiết kế tỉ mỉ, các góc cạnh được bo tròn tinh tế, tạo cảm giác chắc chắn và êm tay khi sử dụng. Điểm nhấn nổi bật là những đường viền đỏ chạy dọc theo thân máy, không chỉ tạo nên vẻ ngoài thể thao, đậm chất gaming mà còn giúp laptop Nitro 5 trở nên cuốn hút hơn trong mắt các game thủ.Với kích thước khá gọn nhẹ, 36.04 x 27.109 x 2.59 - 2.69cm và trọng lượng chỉ 2.5kg, Nitro 5 dễ dàng đồng hành cùng bạn mọi lúc mọi nơi. Bạn có thể thoải mái bỏ máy vào balo và mang theo đến trường, công sở hoặc các quán cafe để học nhóm cùng bạn bè.','Diện mạo nổi bật, đậm chất gaming',15,4),(43,'Laptop Acer Nitro 5 AN515 46 R6QR sở hữu màn hình 15.6 inch, sử dụng tấm nền IPS cao cấp, mang đến góc nhìn siêu rộng lên đến 178 độ. Với độ phân giải Full HD (1920 x 1080 pixels), hình ảnh hiển thị sắc nét, chân thực đến từng chi tiết. Đặc biệt, tần số quét 165Hz siêu nhanh kết hợp với thời gian phản hồi chỉ 3ms giúp loại bỏ hoàn toàn hiện tượng bóng mờ, xé hình, mang đến những trải nghiệm gaming mượt mà, không hề bị giật lag.Tỉ lệ màn hình so với thân máy lên đến 80% kết hợp với viền siêu mỏng chỉ 7.02mm, tối ưu hóa diện tích hiển thị. Bên cạnh đó, màn hình còn đạt chuẩn màu sắc 100% sRGB, tái tạo màu sắc chính xác, sống động, mang đến những thước phim, hình ảnh chân thực như cuộc sống.','Màn hình siêu tốc với tần số quét đến 165Hz',15,2),(44,'Với thiết kế mạnh mẽ hai màu đỏ đen, sở hữu những tính năng nổi bật nhất như CPU R7 6800H, VGA RTX 3060, Laptop gaming Acer Nitro 5 AN515 46 R6QR đã thể hiện cá tính của dòng máy đặc trưng Nitro. Để tìm hiểu cụ thể mời bạn cũng tham khảo bài viết dưới đây.','Đánh giá chi tiết Laptop gaming Acer Nitro 5 AN515 46 R6QR',15,1),(45,'Thương hiệu laptop đến từ Đài Loan không chỉ ghi dấu ấn trong những model laptop văn phòng mà còn hiển nhiên chiếm trọn niềm tin yêu của giới game thủ với dòng series laptop gaming tầm trung ăn khách Acer Nitro 5. Trở lại đường đua với model Acer Nitro 16 Phoenix AN16 41 R3SM, mang vẻ ngoài hầm hố đặc trưng của dòng laptop chơi game cùng sức mạnh nội tại siêu khủng hứa hẹn gây bão trong thời gian sắp tới.','Đánh giá chi tiết laptop gaming Acer Nitro 16 Phoenix AN16 41 R3SM',14,1),(46,'Màn hình Acer Nitro 16 Phoenix sở hữu kích thước 16 inch, độ phân giải WQXGA (2560x1600) dưới tấm nền IPS cho khả năng hiển thị chuẩn xác, chân thật và vô cùng sắc nét. Viền màn hình siêu mỏng giúp hình ảnh trông liền mạch và người dùng không bị các viền đen to tướng ảnh hưởng xấu đến trải nghiệm người dùng.Tất nhiên, khi nói đến laptop gaming thì tần số quét luôn là một vấn đề nóng và nhận được sự quan tâm nhất định từ game thủ. Ở Acer Nitro 16 Phoenix AN16 41 R3SM, bạn đừng lo lắng về điều đó, vì laptop được trang bị tần số quét 165Hz giúp bạn nắm bắt và phản ứng tức thời với mọi hành động của kẻ thù trong game để bạn đón đầu mọi hành động của địch và làm chủ mọi cuộc chơi.','Màn hình hiển thị chuẩn xác và chân thật',14,3),(47,'Laptop gaming thì phải đề cập đến hiệu năng. Quả thật không làm game thủ thất vọng khi Acer Nitro 16 Phoenix AN16 41 R3SM vẫn giữ vững phong độ của mình. Được trang bị bộ vi xử lý AMD Ryzen 7, 16GB RAM mang đến khả năng xử lý tác vụ ổn định, mượt mà và chạy đa nhiệm gọn gàng mà không hề xảy ra tình trạng giật lag.Song song đó, 512GB SSD cho không gian lưu trữ rộng rãi, bạn có thể thoải mái lưu trữ mọi ứng dụng, tài liệu cần thiết trong chiếc laptop của mình. Acer Nitro 16 Phoenix còn được hỗ trợ sức mạnh từ card đồ họa NVIDIA GeForce RTX 4060 cung cấp khả năng xử lý hình ảnh tốt, các đồ họa trên game đều không làm khó được Acer Nitro 16 Phoenix.','Hiệu năng cân mọi tựa game phổ biến',14,4),(48,'Acer Nitro 16 Phoenix AN16 41 R3SM khoác lên mình màu áo đen nhám tạo cảm giác mạnh mẽ thường thấy cho game thủ. Thiết kế lần này được đánh giá cao bởi họa tiết cách điệu ở mặt lưng nhưng không quá “sến”. Logo Nitro màu hologram ở giữa vừa tạo nên sự liên kết liền mạch với họa tiết, vừa tăng độ nhận diện thương hiệu cho laptop.Trung hòa với vẻ ngoài mới mẻ đó, chính là bộ khung hầm hố quen thuộc ở dòng laptop gaming Acer. Nhờ đó mà hệ thống tản nhiệt của Acer Nitro 16 Phoenix được đảm bảo, hiệu năng laptop được duy trì và ổn định.','Diện mạo mới cuốn hút và hiện đại',14,2),(53,'Laptop sở hữu màn hình OLED 14.5 inch độ phân giải 2.8K (2880x1800), 120Hz, màu sắc rực rỡ, độ tương phản cao, đạt 100% P3. Công nghệ Dolby Vision® và DisplayHDR™ True Black 500, tăng cường chất lượng hình ảnh.Ngoài ra, vỏ máy bằng nhôm sang trọng, chống va đập, đạt tiêu chuẩn độ bền quân đội MIL-STD-810H. Trọng lượng nhẹ chỉ 1.59 kg, dễ dàng mang theo khi di chuyển hoặc mang theo bất kì đâu để phục vụ mục đích sử dụng của người dùng.','Thiết kế sang trọng, bền bỉ',19,3),(54,'Hỗ trợ trí tuệ nhân tạo AI Boost tích hợp, đạt hiệu suất lên đến 11 TOPS được sử dụng để tăng cường hiệu suất trong các tác vụ liên quan đến trí tuệ nhân tạo, tối ưu hóa hiệu suất hệ thống, tăng cường hiệu năng trong xử lý đồ họa và video, giúp nâng cao trải nghiệm người dùng và mang lại cảm giác tuyệt vời khi sử dụng.','Công nghệ trí tuệ nhân tạo AI Boost',19,4),(55,'Máy trang bị bộ vi xử lý Intel Core™ Ultra 7 155H với 16 lõi, 22 luồng, tốc độ tối đa lên đến 4.8GHz và bộ nhớ cache 24MB. Card đồ họa NVIDIA® GeForce RTX™ 4050 6GB GDDR6 cho khả năng xử lý đồ họa mượt mà, mang lại hình ảnh sống động, sắc nét và chân thật, nâng cao trải nghiệm người dùng khi làm việc và giải trí hàng ngày.Bộ nhớ 32GB LPDDR5x-7467 được hàn trực tiếp lên bo mạch chủ, đảm bảo tốc độ cao và hiệu quả. Ổ cứng SSD M.2 2242 PCIe® 4.0x4 NVMe® dung lượng 1TB cho tốc độ truy cập dữ liệu nhanh chóng. Những yếu tố này giúp cho laptop hoạt động mạnh mẽ, đáp ứng được nhu cầu hoạt động cao khi chơi game giải trí giúp hình ảnh chuyển động mượt mà, không bị xé hình hay giật lag.','Hiệu năng mạnh mẽ',19,2),(56,'Bạn cảm thấy bực bội khi làm việc và giải trí với một chiếc laptop chậm chạp, nặng nề, không đủ linh hoạt và đang mong muốn tìm kiếm cho mình một chiếc laptop mới? Lenovo Yoga Pro 7 14IMH9 83E2006MVN sẽ là lựa chọn tuyệt vời dành cho bạn. Với bộ xử lý mạnh mẽ, cùng thiết kế mỏng nhẹ mang lại hiệu năng vượt trội và trải nghiệm tối đa cho người dùng.','Đánh giá Laptop Lenovo Yoga Pro 7 14IMH9 83E2006MVN',19,1),(57,'V14 G4 IRU 83A0000TVN được trang bị CPU Intel® Core™ i3-1315U kết hợp card đồ họa tích hợp Intel® UHD Graphics cho phép hoàn thành tốt các tác vụ như lướt web, chỉnh sửa ảnh ở mức trung bình khá, lướt web, xem phim,...  Máy cũng được Lenovo trang bị 8GB RAM và nâng cấp được tối đa 16GB để người dùng sử dụng đa tác vụ mà không cần phải lo lắng về tình trạng giật lag.','Hiệu suất ổn định',20,3),(58,'Lenovo V14 G4 IRU 83A0000TVN là dòng laptop văn phòng giá rẻ hướng đến sinh viên, dân văn phòng và bất kỳ ai tìm kiếm một thiết bị nhẹ và di động cho các tác vụ hàng ngày.','Đánh giá chi tiết Laptop Lenovo V14 G4 IRU 83A0000TVN',20,1),(59,'V14 G4 IRU 83A0000TVN có thiết kế đẹp và chuyên nghiệp với khung máy chủ yếu bằng nhựa. Mặc dù không cao cấp như một số đối thủ cạnh tranh, nhưng chất lượng vẫn thừa sức đáp ứng cho nhu cầu sử dụng hàng ngày. Lenovo V14 G4 IRU 83A0000TVN có trọng lượng khoảng 1.43kg giúp mẫu laptop này tăng cường thêm tính di động.','Thiết kế gọn nhẹ phù hợp mọi nhu cầu',20,4),(60,'Lenovo V14 G4 IRU 83A0000TVN được trang bị màn hình 14 inch kết hợp cùng tấm nền IPS cho màu sắc chính xác hơn và góc nhìn rộng lên đến 178 độ. Máy có độ phân giải Full HD (1920x1080), cung cấp mức hiển thị hình ảnh tốt cho hầu hết các tác vụ. Với công nghệ chống chói Anti-glare và hỗ trợ độ sáng tối đa lên đến 300nits cho phép người dùng làm việc thời gian dài trên thiết bị này và trong các môi trường ánh sáng khác nhau.','Màn hình sắc nét',20,2),(61,'Asus Vivobook 15 OLED A1505VA L1114W mang lại trải nghiệm hình ảnh tốt hơn với trang bị màn hình OLED. Thiết kế mỏng nhẹ cùng cấu hình mạnh mẽ cho phép người dùng nâng cao hiệu suất khi làm việc.','Đánh giá chi tiết laptop Asus Vivobook 15 OLED A1505VA L1114W',22,1),(62,'Sử dụng CPU Intel core i5-13500H thế hệ 13 mạnh mẽ cho phép Asus OLED Vivobook 15 OLED giải quyết mọi tác vụ văn phòng cơ bản đến nâng cao. Việc làm đồ họa cơ bản trên máy cũng được hỗ trợ với VGA tích hợp Intel® Iris Xe Graphics. 16GB RAM DDR4 xử lý đa nhiệm nhanh chóng cho những thao tác mượt mà. Bộ lưu trữ 512GB thỏa sức lưu trữ các dữ liệu quan trọng mà người dùng cần.','Cấu hình vượt trội',22,2),(63,'Laptop Asus Vivobook 15 OLED sở hữu một màu đen sang trọng với thiết kế vuông vắn đầy tinh tế. Bản lề được thiết kế tự tạo một góc nghiêng vừa phải khi mở nắp máy tính lên. Trọng lượng nhẹ khoảng 1.7kg với bề dày máy tính là 1.99cm tạo điều kiện hơn cho người dùng bỏ vào balo và mang vác đi bất cứ đâu.','Thiết kế sang trọng, độc đáo',22,3),(64,'Để duy trì mọi hoạt động và công suất làm việc từ các linh kiện một cách tốt nhất nhà Asus đã trang bị thêm hệ thống tản nhiệt trên laptop Asus Vivobook 15 OLED. Công nghệ tản nhiệt Asus IceCool hiệu quả khi sử dụng 6 ống dẫn nhiệt và bộ quạt IceBlade 87 cánh được làm bằng Polyme tinh thể lỏng cao cấp. Tất cả góp phần trong việc dẫn các khí nóng được sản sinh trong quá trình vận hành máy từ các linh kiện bên trong thân máy. Từ đó tối ưu hóa công việc một cách trơn tru và mượt mà nhất cho người dùng.','Hệ thống tản nhiệt hiệu quả trên Asus Vivobook 15 OLED A1505VA L1114W',22,4),(65,'Vivobook S16 OLED S5606MA MX051W có khung máy siêu mỏng với trọng lượng tổng thể chỉ 1,5kg. Đây là mẫu laptop mỏng nhẹ lý tưởng cho những ai có nhu cầu mang theo laptop để làm việc hoặc học tập thường xuyên. Dù sở hữu màn hình lớn 16 inch nhưng nhờ thiết kế viền bao quanh cực mỏng, sản phẩm vẫn đạt kích cỡ tổng thể cực gọn gàng, thuận tiện để sắp xếp và cất gọn trong balo, túi xách. Logo ASUS Vivobook trên mặt A được làm gọn gàng tinh tế hơn, bản lề duỗi thẳng 180 độ đem lại sự linh hoạt trong quá trình phục vụ trải nghiệm người dùng.','Thiết kế thanh lịch và dễ dàng di chuyển',23,4),(66,'ASUS Vivobook S16 OLED S5606MA MX051W không chỉ nổi bật nhờ kích thước hiển thị lớn 16 inch 3.2K (3200 x 2000), mà còn gây ấn tượng với tấm nền OLED cao cấp có khả năng hiển thị hình ảnh cực sắc nét, diễn đạt màu sắc trung thực, sống động và rạng rỡ. Chiếc laptop này là một lựa chọn đáng cân nhắc cho các game thủ, những người làm đồ họa hoặc những ai đam mê các nội dung giải trí. Ngoài ra, tần số quét 120Hz khiến cho việc đắm chìm vào thế giới game và phim ảnh trở nên sống động tuyệt đối. Không chỉ vậy, màn hình này còn hỗ trợ 100% DCI-P3, đảm bảo màu sắc trên màn hình sẽ được hiển thị chính xác, sống động và trung thực. Độ tương phản 1.000.000:1 của sản phẩm khiến cho các nội dung HDR được diễn đạt với chiều sâu ấn tượng hơn bao giờ hết.','Đắm chìm vào màn hình 16 inch OLED tuyệt sắc',23,2),(67,'ASUS Vivobook S16 OLED S5606MA MX051W là sự kết hợp tuyệt vời giữa thiết kế mỏng nhẹ và công nghệ hiện đại. Chip Intel® Core™ Ultra 7 cung cấp nguồn sức mạnh đặc biệt ấn tượng, đồng thời hỗ trợ các công nghệ AI rất hiệu quả. Ngoại hình máy cực kì đơn giản, nhưng toát lên vẻ đẹp sang trọng, cao cấp thu hút người dùng ngay từ cái nhìn đầu tiên.','Đánh giá chi tiết laptop ASUS Vivobook S16 OLED S5606MA MX051W',23,1),(68,'ASUS Vivobook S16 OLED S5606MA MX051W được trang bị bộ vi xử lý Intel® Core™ Ultra 7 155H với 16 nhân và 22 luồng. Đây không chỉ là một trong những con CPU Intel Core Ultra mạnh mẽ nhất dành cho laptop hiện nay mà còn đáp ứng hoàn hảo cho những nhu cầu liên quan đến AI, từ hiệu năng đến thời lượng sử dụng bền bỉ. Ngoài ra, đây cũng là một lợi thế giúp thiết bị đáp ứng mượt mà các tác vụ như chơi game, lập trình, đồ họa và chỉnh sửa video. Không những thế, ASUS đã trang bị cho chiếc laptop này card đồ họa tích hợp Intel® Arc™ Graphics mang lại khả năng xử lý các tác vụ cơ bản như xem phim, lướt web,... vô cùng mượt mà. Tiếp theo đó là khả năng lưu trữ dữ liệu, ASUS Vivobook S16 OLED được trang bị sẵn 16GB RAM LPDDR5X và 512GB M.2 NVMe™ PCIe® 4.0 SSD giúp bạn thoải mái xử lý nhiều tác vụ và lưu trữ nhiều ứng dụng.','Hiệu năng mạnh mẽ cho mọi tác vụ bạn cần',23,3),(69,'Laptop ASUS Zenbook 14 OLED UX3405MA được sử dụng card đồ họa Intel Arc Graphics giúp cho laptop có độ phân giải cao nhưng laptop vẫn nhẹ nhàng. Thêm tỷ lệ khung hình 16:10 và màn hình 14inch, bạn có thể trải nghiệm màn ảnh rộng với hình ảnh rõ nét.','Màu sắc vượt trội với màn hình lên đến 14 inch',24,3),(70,'Việc lưu trữ tài liệu và các game của bạn không còn là điều khó khăn khi ASUS Zenbook 14 OLED UX3405MA sở hữu ổ cứng tới 512G. Bạn có thể tha hồ sở hữu những game mà bạn yêu thích mà không phải sợ hết dung lượng một cách nhanh chóng.','Không lo hết dung lượng với ổ cứng 512G',24,4),(71,'ASUS Zenbook 14 OLED UX3405MA được xem là một laptop văn phòng có thể cân mọi task khi có sự hỗ trợ của Chip Intel Core I5. Bạn có thể thoải mái chạy các task đồ hoạ cơ bản vì CPU này đã hỗ trợ bạn đẩy nhanh quá trình render hình ảnh và edit video. Không nhưng thế việc mở nhiều tab để làm việc không phải là nỗi lo của laptop vì ASUS Zenbook 14 OLED UX3405MA có Ram lên tới 32GB. ','Xử lý đồ hoạ vượt trội cùng Chip Intel Core I5',24,2),(72,'Laptop ASUS Zenbook 14 OLED UX3405MA là một phiên bản laptop Asus nhỏ gọn nhẹ nhàng chỉ với 1.2kg nhưng lại sở hữu công năng khá to lớn.','Đánh giá chi tiết laptop ASUS Zenbook 14 OLED UX3405MA PP151W',24,1),(73,'Máy tính xách tay ASUS Zenbook Duo OLED UX8406MA PZ142W có thiết kế cao cấp với lớp vỏ kim loại nguyên khối. Máy mỏng và nhẹ, chỉ dày 22mm và nặng 1.65kg, đặt biệt phù hợp cho những ai cần di chuyển nhiều hoặc đem máy đi làm việc thường xuyên. Với ASUS Zenbook Duo OLED, bạn sẽ có 2 màn hình phù hợp cho mọi nhu cầu làm việc cũng như giải trí cá nhân, đi kèm với đó là bộ vi xử lý hiệu năng vượt trội.','Đánh giá chi tiết laptop ASUS Zenbook Duo OLED UX8406MA PZ142W',25,1),(74,'Với một chiếc máy tính hiệu năng vượt trội, thì các kết nối tiên tiến nhất đều được tích hợp trên chiếc ASUS Zenbook Duo OLED này. Bạn sẽ có 1x USB 3.2 Gen 1 Type-A, 2x Thunderbolt USB-C có hỗ trợ sạc nhanh, 1x HDMI 2.1 TMDS, 1x giắc cắm tai nghe 3.5mm tiêu chuẩn.Ngoài ra, ASUS Zenbook Duo OLED UX8406MA còn được trang bị chuẩn Wi-Fi 6E(802.11ax) (Hai băng tần) 2*2, Bluetooth 5.3, tốc độ kết nối internet và kết nối không dây vô cùng ấn tượng.','Sở hữu đầy đủ các cổng kết nối',25,4),(75,'Mẫu laptop ASUS Zenbook Duo OLED UX8406MA PZ142W được trang bị bộ vi xử lý Intel Ultra 9 Processor 185H với 16 nhân, 22 luồng và tốc độ tối đa lên đến 5.1GHz, mang đến bộ vi xử lý vô cùng mạnh mẽ và đảm bảo xử lý tốt mọi nhu cầu cơ bản như lướt web, xem phim, ứng dụng văn phòng. Ngoài ra, 32GB LPDDR5X giúp máy luôn hoạt động mượt mà, chạy nhiều phần mềm cùng một lúc mà không lo bị lag.','Hiệu năng vượt trội',25,2),(76,'Máy được trang bị dung lượng pin lên đến 75 Wh, giúp bạn làm việc bền bỉ, hiệu quả lên đến 8 giờ. Hỗ trợ sạc nhanh chỉ trong 49 phút, mức sạc có thể lên đến 60%. Tuổi thọ pin được thiết kế kéo dài thân thiện với môi trường, hỗ trợ số chu kỳ sạc nhiều hơn tới 20% so với thế hệ trước.','Thời lượng pin tối ưu trong thời gian dài',25,3),(77,'Máy được trang bị bàn phím ASUS ErgoSense có thể tách rời vô cùng tiện lợi, với hành trình phím dài 1,44mm mang lại cảm giác gõ thoải mái và êm ái đến từng phím nhấn. Công nghệ ErgoSense sử dụng cơ chế phím dạng cắt kéo tối ưu, giúp giảm thiểu tiếng ồn và tiếng vang trong không gian làm việc, tạo ra một môi trường làm việc tĩnh lặng và tinh tế. Đặc biệt, touchpad lớn với cảm ứng đa điểm và chống bám vân tay, mang lại trải nghiệm sử dụng mượt mà và tiện ích hơn bao giờ hết.','Sự đa nhiệm của bàn phím và touchpad',26,4),(78,'ASUS Zenbook Duo OLED UX8406MA PZ307W được trang bị bộ vi xử lý Intel Ultra 7 Processor 155H với 16 nhân, 22 luồng và tốc độ tối đa lên đến 4.8GHz mang đến hiệu suất xử lý vượt trội, đảm bảo khả năng thao tác mượt mà cho các nhu cầu cơ bản như lướt web, xem phim và sử dụng ứng dụng văn phòng. Với 32GB LPDDR5X RAM, máy luôn hoạt động mượt mà, có khả năng chạy nhiều phần mềm cùng một lúc mà không gặp trục trặc.','Cấu hình mạnh mẽ',26,2),(79,'ASUS Zenbook Duo OLED UX8406MA PZ307W được trang bị đầy đủ các cổng kết nối tân tiến nhất: 1 cổng USB 3.2 Gen 1 Type-A, 2 cổng Thunderbolt USB-C có hỗ trợ sạc nhanh, 1 cổng HDMI 2.1 TMDS, 1 cổng giắc cắm tai nghe 3.5mm tiêu chuẩn. Ngoài ra, ASUS Zenbook Duo OLED UX8406MA PZ307W được trang bị Wi-Fi 6E(802.11ax) (Hai băng tần) 2*2, Bluetooth 5.3, tốc độ kết nối internet và kết nối không dây vô cùng ấn tượng.','Sở hữu đầy đủ các cổng kết nối',26,3),(80,'ASUS Zenbook Duo OLED UX8406MA PZ307W là lựa chọn hàng đầu cho những ai đang tìm kiếm một chiếc máy tính xách tay cao cấp và tiện lợi. Với độ mỏng chỉ 19.9mm và trọng lượng 1.65kg, máy phù hợp cho những người di chuyển nhiều hoặc làm việc đòi hỏi tính linh hoạt cao. Đặc biệt, ASUS Zenbook Duo OLED UX8406MA PZ307W được trang bị 2 màn hình, tiện lợi cho bạn khi làm việc và giải trí cá nhân. Bên cạnh đó, máy được trang bị bộ vi xử lý vô cùng mạnh mẽ đảm bảo hiệu suất làm việc vượt trội và trải nghiệm người dùng mượt mà.','Đánh giá chi tiết laptop ASUS Zenbook Duo OLED UX8406MA PZ307W',26,1),(81,'Đặc điểm đầu tiên mà bất cứ ai cũng bị mê hoặc từ LG Gram Style là vẻ bề ngoài của nó. Lớp vỏ được trang hoàng với tông màu bắt mắt với sắc độ biến ảo đầy tinh tế. Tùy vào góc độ ánh sáng chiếu vào mà máy phản xạ ra một hình dáng khác nhau. Chiếc laptop với trọng lượng siêu nhẹ 999 gram, dày khoảng 1.59cm sẵn sàng cho một ngày làm việc dài. Hiện thực hóa mong muốn sở hữu laptop mỏng nhẹ trong tầm tay.Mỏng nhẹ nhưng không thể đánh giá rằng chiếc laptop 14Z90RS GAH54A5 không đủ chắc chắn và bền lâu. Trải qua 7 bài kiểm tra khắc nghiệt về độ bền theo chuẩn quân đội MIL-STD-810H đã giúp LG khẳng định sản phẩm của chính họ có độ chắc chắn và bền bỉ theo thời gian khi đồng hành cùng người dùng. Nếu bạn cần một chiếc laptop di động cao cũng như sự cứng cáp khỏi những va chạm thì LG Gram sẽ là lựa chọn phù hợp mà bạn không thể bỏ qua.','Thiết kế laptop mỏng nhẹ siêu bền',27,3),(82,'LG Gram Style 14Z90RS GAH54A5 sở hữu kích thước màn hình 14 inch với độ phân giải cao WQXGA+ 2K8 (2880 x 1800). Tần số quét 90Hz cho khả năng chuyển đổi hình ảnh mượt mà trên từng chi tiết. Độ sáng 500nits và DCI-P3 100% nâng cấp hiển thị với chất lượng hình ảnh tương sáng, chân thực. Giải trí bằng những tựa game nhẹ hay xem những bộ phim yêu thích đều trọn vẹn từng giây từng phút.Tỷ lệ màn hình 16:10 hoàn hảo giúp bạn quan sát toàn bộ thông tin trên màn hình LG 14Z90RS GAH54A5 tốt hơn. Tiết kiệm thời gian cuộn trang khi nghiên cứu tài liệu. Tấm nền OLED trang bị khả năng chống chói Anti-Glare đảm bảo hiệu suất khi gặp phải ánh sáng mặt trời chói chang hay những nơi có cường độ ánh sáng cao. ','Hình ảnh hiển thị rõ nét',27,2),(83,'LG Gram Style 14Z90RS GAH54A5 khơi nguồn cảm hứng làm việc với thiết kế tinh xảo, kiểu dáng thời thượng chuẩn laptop hiện đại năm nay. Thu hút bởi ngoại hình sang trọng cùng hiệu năng hoạt động đỉnh cao cho mọi yêu cầu học tập và làm việc hằng ngày của người dùng.','Đánh giá chi tiết laptop LG Gram Style 14Z90RS GAH54A5',27,1),(84,'LG Gram Style 14Z90RS GAH54A5 là chiếc laptop học tập và làm việc thế hệ mới. Sử dụng sức mạnh từ con chip Intel Core i5-1340P Gen 13 mới nhất. Sẵn sàng mọi thách thức từ công việc đến giải trí. Card đồ họa tích hợp Intel Iris Xe Graphics còn hỗ trợ chất lượng xử lý khung hình đẹp mắt trên từng trải nghiệm.','Hiệu suất hoạt động cao',27,4),(85,'Màn hình Asus TUF GAMING VG249Q1A sở hữu màn hình kích thước 24 inch, tấm nền IPS, độ phân giải Full HD (1920 x 1080) mang đến hình ảnh rõ nét từ mọi góc độ. Màn hình góc rộng 178 độ đảm bảo hạn chế thấp nhất sự biến dạng và thay đổi màu sắc ngay cả khi bạn đang đứng cách xa màn hình.','Màn hình 24 inch với tấm nền IPS hiển thị màu sắc tốt hơn',28,2),(86,'Màn hình Asus TUF GAMING VG249Q3A rộng 24 inch, sử dụng tấm nền IPS, độ phân giải Full HD với tốc độ làm mới cực nhanh. Màn hình được thiết kế dành cho các game thủ chuyên nghiệp và những người chơi muốn hòa mình vào các trò chơi thực sự. Không chỉ vậy, công nghệ ELMB độc quyền cho phép phản hồi 1ms và sự kết hợp của công nghệ đồng bộ hóa thích ứng của để mang đến cho người dùng màn hình mượt mà và trải nghiệm chơi game tuyệt vời.','Đánh giá chi tiết màn hình Asus TUF GAMING VG249Q3A 24\" Fast IPS 180Hz Gsync chuyên game',28,1),(87,'Tốc độ làm mới cũng được ép xung lên đến 180Hz giúp loại trừ khả năng bị giật, lag màn hình và mang đến cho bạn ưu thế trong các tựa game bắn súng, đua xe, chiến lược thời gian thực và thể thao. Tốc độ làm mới này cho phép bạn chơi game với cấu hình hình ảnh ở mức cao nhất và phản ứng tức thì với những nội dung hiện trên màn hình.','Tốc độ làm mới 180Hz siêu nhanh',28,3),(88,'Asus TUF GAMING VG249Q3A sở hữu công nghệ ELMB độc quyền mới nhất của ASUS - Làm mờ chuyển động cực thấp ELMB (Extreme Low Motion Blur), cùng thời gian phản hồi 1ms GtG, loại bỏ hiện tượng nhòe màn hình và chuyển động chậm. Đồng thời, nó cũng làm cho các đối tượng chuyển động rõ ràng và sắc nét hơn. Nhờ đó, trò chơi hiển thị cũng sẽ mượt mà và đẹp mắt hơn.','Trải nghiệm chơi game mượt mà',28,3),(89,'Với kích thước 25 inch và độ phân giải Full HD (1920 x 1080), màn hình Acer EK251Q G cung cấp một không gian làm việc rộng rãi và hình ảnh sắc nét. Với kích thước lý tưởng, bạn có thể thoải mái mở nhiều cửa sổ ứng dụng cùng lúc mà không lo bị che khuất thông tin. Độ phân giải Full HD sắc nét giúp hình ảnh hiển thị chi tiết, màu sắc trung thực, mang đến trải nghiệm làm việc và giải trí tuyệt vời.','Màn hình 25 inch sắc nét, độ phân giải cao',29,2),(90,'Với tần số quét 120Hz siêu mượt, màn hình Acer EK251Q G mang đến những trải nghiệm chơi game đỉnh cao. Hình ảnh chuyển động mượt mà, không bị giật lag, giúp bạn dễ dàng theo dõi mọi diễn biến trên màn hình và đưa ra những quyết định chính xác trong từng pha giao tranh. Đồng thời với thời gian phản hồi 1ms, hình ảnh trên màn hình được xử lý nhanh chóng và chính xác, giúp bạn có trải nghiệm chơi game tuyệt vời nhất.','Tần số quét 120Hz cùng thời gian phản hồi 1ms ấn tượng',29,4),(91,'Màn hình Acer EK251Q G có thiết kế hiện đại, viền màn hình siêu mỏng tạo cảm giác không gian làm việc rộng, dễ quan sát. Với thiết kế mỏng nhẹ không chỉ giúp tiết kiệm không gian, màn hình Acer còn làm tăng tính sang trọng cho không gian làm việc của bạn.','Thiết kế hiện đại, hỗ trợ người dùng',29,3),(92,'Màn hình Acer EK251Q G 25 inch IPS 120Hz là một lựa chọn tuyệt vời cho những ai đam mê chơi game và muốn trải nghiệm hình ảnh mượt mà, sắc nét. Dưới đây sẽ là những thông tin chi tiết về sản phẩm màn hình Acer ấn tượng bên trên.','Đánh giá chi tiết sản phẩm màn hình Acer EK251Q G 25\" IPS 120Hz',29,1),(93,'Philips 27E2N1500 sử dụng tấm nền IPS tiên tiến, cho góc nhìn rộng 178/178 độ. Điều này có nghĩa là bạn có thể xem màn hình từ mọi góc độ mà không ảnh hưởng đến chất lượng hiển thị. Màu sắc trên màn hình luôn giữ được độ chính xác và sống động, cho dù bạn đang xem phim, chơi game hay làm việc. Công nghệ IPS cũng giúp mang đến màu sắc rực rỡ, độ tương phản cao, cho bạn trải nghiệm hình ảnh tuyệt vời.','Công nghệ IPS, góc nhìn rộng, màu sắc chính xác',30,4),(94,'Màn hình Philips 27E2N1500 sở hữu độ phân giải 2K (2560x1440 điểm ảnh), mang đến hình ảnh sắc nét, chi tiết và rõ ràng hơn hẳn so với màn hình Full HD. Bạn sẽ được trải nghiệm những chi tiết tinh tế, những vùng màu sắc chuyển đổi mượt mà và sắc nét hơn, giúp bạn đắm chìm trong những khung cảnh đẹp mắt, những hình ảnh chân thực và sống động.','Độ phân giải 2K sắc nét mang đến trải nghiệm chi tiết',30,3),(95,'Với tốc độ làm mới 120Hz, Philips 27E2N1500 mang đến trải nghiệm hình ảnh mượt mà, sống động, đặc biệt là khi chơi game hoặc xem video hành động. Tốc độ làm mới cao giúp giảm thiểu hiện tượng giật hình, xé hình, mang lại những khung hình mượt mà và liền mạch, khiến bạn hoàn toàn chìm đắm trong thế giới ảo.','Hình ảnh mượt mà, sống động với tốc độ làm mới 120Hz',30,2),(96,'Philips 27E2N1500 27\" IPS 2K 120Hz chính là lựa chọn hoàn hảo dành cho bạn! Với những ưu điểm vượt trội về tốc độ làm mới, độ phân giải và công nghệ hiển thị, chiếc màn hình này sẽ đưa bạn đến một thế giới hình ảnh sống động và mượt mà chưa từng có. Cùng GEARVN tìm hiểu chi tiết sản phẩm thông qua nội dung dưới đây nhé!','Đánh giá màn hình Philips 27E2N1500 27\" IPS 2K 120Hz',30,1),(97,'DareU EK65s White Black PBT Dream Switch được trang bị switch DareU Dream - một trong những loại switch phổ biến, được đánh giá cao về độ bền và độ phản hồi. Switch linear mang đến cảm giác gõ êm ái, mượt mà, không có tiếng click hay tiếng cộp, rất phù hợp với những người yêu thích sự nhẹ nhàng và êm ái khi gõ phim.','Trải nghiệm gõ phím ấn tượng với switch DareU Dream',31,2),(98,'DareU EK65s White Black PBT Dream Switch sử dụng Keycap PBT Double-shot, mang đến độ bền cao, chống bám vân tay và chống phai màu trong thời gian dài sử dụng. Chất liệu PBT cho cảm giác gõ bền bỉ, mịn màng và thoáng khí, giúp bàn tay luôn thoải mái khi gõ phim trong thời gian dài.','Keycap PBT Double Shot - Độ bền cao, chống bám vân tay',31,3),(99,'DareU EK65s White Black PBT Dream Switch sở hữu thiết kế 68 phím nhỏ gọn, tiện lợi cho việc di chuyển và phù hợp với nhiều không gian sử dụng khác nhau. Với layout hiện đại, EK65s mang đến sự gọn gàng, tối ưu hóa diện tích bàn làm việc của bạn. Màu sắc trắng đen của bàn phím mang đến vẻ đẹp tinh tế, phù hợp với mọi phong cách nội thất.','Thiết kế nhỏ gọn, tinh tế, phù hợp với mọi không gian',31,1),(100,'DareU EK65s White Black PBT Dream Switch là lựa chọn hoàn hảo dành cho những người yêu thích sự đơn giản, tinh tế, tìm kiếm bàn phím cơ chất lượng, mang đến trải nghiệm gõ phím êm ái, thoải mái. EK65s phù hợp với cả game thủ và dân văn phòng, hỗ trợ bạn hoàn thành công việc một cách hiệu quả, tăng cường trải nghiệm giải trí và thỏa mãn đam mê chơi game.','Lựa chọn hoàn hảo cho game thủ và dân văn phòng',31,4),(101,'Bàn phím này hỗ trợ nhiều phương thức kết nối khác nhau, bao gồm có dây USB-C, Bluetooth và Wireless 2.4GHz. Giúp bạn dễ dàng kết nối với nhiều thiết bị khác nhau, từ máy tính để bàn, laptop đến máy tính bảng. Sự linh hoạt trong kết nối giúp bạn chuyển đổi giữa các thiết bị một cách nhanh chóng và thuận tiện.','Kết nối đa dạng',32,4),(102,'Chất liệu keycap PBT Doubleshot nổi tiếng với độ bền cao và khả năng chống mài mòn. Điều này đảm bảo rằng các ký tự trên phím không bị mờ đi sau thời gian dài sử dụng. Cherry profile của keycap cũng mang lại cảm giác gõ phím thoải mái và chính xác hơn, giúp bạn làm việc hiệu quả hơn.','Keycap PBT Doubleshot bền bỉ, chống mài mòn',32,2),(103,'Một trong những tính năng đáng giá nhất của bàn phím DAREU EK98 PRO Proto Dream switch này là khả năng hotswap, cho phép bạn dễ dàng thay đổi switch mà không cần hàn. Không chỉ giúp bạn tùy chỉnh cảm giác gõ phím theo ý thích mà còn tiết kiệm thời gian và công sức khi cần thay thế switch bị hỏng.','Hỗ trợ hotswap thay switch dễ dàng',32,3),(104,'Với layout 81 phím, bàn phím này mang lại sự gọn nhẹ mà không làm mất đi các phím chức năng cần thiết. Điều này giúp tối ưu không gian trên bàn làm việc của bạn, mang lại sự thoải mái và hiệu quả cao khi làm việc. Bàn phím này phù hợp với nhiều không gian làm việc khác nhau, từ văn phòng đến góc làm việc tại nhà.','Thiết kế nhỏ gọn, tiện lợi',32,1),(108,'DAREU EK87 v2 WHITE BLACK là một bàn phím cơ gaming giá rẻ, sở hữu thiết kế đẹp mắt với hai tông màu trắng đen và dải đèn LED RGB độc đáo ở hai bên. Với 87 phím tiêu chuẩn, bàn phím phù hợp với đa số người dùng, không quá cồng kềnh và tiện lợi cho việc di chuyển. Bàn phím sử dụng switch DareU DREAM (Linear) mang đến trải nghiệm gõ phím êm ái và nhẹ nhàng.','Thiết kế đẹp mắt, hiệu năng ấn tượng',34,1),(109,'Bàn phím được trang bị dải đèn LED RGB độc đáo ở hai bên, cho phép người dùng tùy chỉnh hiệu ứng đèn theo ý muốn. Bàn phím còn hỗ trợ chức năng Multimedia giúp người dùng có thể điều chỉnh âm lượng, chuyển bài hát, dừng bài hát ngay trên bàn phím mà không cần thao tác nhiều bằng chuột.','Tính năng đa dạng phù hợp với nhu cầu sử dụng',34,3),(110,'DAREU EK87 v2 WHITE BLACK được đánh giá là một trong những bàn phím cơ gaming giá rẻ nhưng chất lượng tốt. Bàn phím sử dụng switch DareU DREAM được đánh giá cao về độ bền và phản hồi nhanh chóng. Hơn nữa, bàn phím còn hỗ trợ N-key rollover giúp người dùng có thể nhấn nhiều phím cùng lúc mà không bị lỗi nhập liệu.','Chất lượng tốt, giá thành hấp dẫn',34,2),(111,'Với thiết kế tenkeyless nhỏ gọn, Razer Huntsman V3 Pro TKL tiết kiệm không gian bàn của bạn và mang lại sự linh hoạt cho thiết lập chơi game của bạn. Bạn có thể tự do di chuyển chuột mà không cần phải lo lắng về không gian. Đặc biệt, thực hiện các điều chỉnh chính xác, nhanh chóng về độ cao truyền động hoặc Rapid Trigger bằng sự trợ giúp trực quan của dãy đèn LED tích hợp trên. Người dùng có thể lưu cài đặt vào bàn phím và cho phép tùy chỉnh tốt hơn thông qua Razer Syna.','Thiết kế nhỏ gọn, thông minh',35,2),(112,'Bàn phím Razer Huntsman V3 Pro TKL không chỉ là bàn phím chơi game thông thường, mà còn là biểu tượng của sự tiến bộ vượt bậc trong công nghệ chơi game. Với công tắc quang học Razer™ Analog Gen-2 mới nhất, bạn sẽ trải nghiệm một cảm giác chơi game đích thực, với độ nhạy chưa từng có và khả năng tùy chỉnh linh hoạt. Giúp cải thiện độ chính xác trong mỗi cú nhấn phím, mà còn tạo ra sự phản hồi tức thì, giúp bạn phản ứng nhanh chóng trong mọi tình huống.','Độ chính xác cao',35,1),(113,'Keycap PBT Doubleshot không chỉ đảm bảo độ bền lâu dài mà còn chống phai màu, giữ cho bàn phím luôn mới mẻ sau nhiều giờ sử dụng. Kết cấu nhôm chắc chắn và cao cấp mang lại cảm giác vững chãi, đồng thời bảo vệ bàn phím khỏi những tác động bất ngờ.','Độ bền vượt trội',35,3),(114,'Để có người chơi có những cảm giác gõ phím tốt nhất, thoải mái nhất bàn phím cơ Razer BlackWidow V4 Pro được sử dụng bộ công tắc cơ học (Switch) Razer Mechanical Yellow độc quyền cho cảm giác bấm đầy xúc giác, rõ ràng và rành mạch.','Sử dụng Switch độc quyền Razer Mechanical Yellow',36,4),(115,'Trang bị cụm phím Multi Function tách biệt giúp bạn có thêm những trải nghiệm trong khi làm việc và cả chơi game. Với nút tăng/giảm âm thanh và các nút chuyển bài hát, tạm dừng và phát nhạc được bo tròn được đặt gọn gàng ở góc phải tránh làm ảnh hưởng đến trải nghiệm cá nhân.','Cụm phím Multi Function tách biệt',36,2),(116,'Một trong những ưu điểm vượt trội trên dòng bàn phím Razer chính là sử dụng nút xoay đa nhiệm được đặt trên góc trái bàn phím giúp bạn xử lý mọi tác vụ một cách nhẹ nhàng, giản đơn. Nhờ vào nút xoay thông minh bạn có thể tự do điều chỉnh độ sáng bàn phím, Zoom tài liệu, lướt web, chuyển đổi giữa các tab làm việc & giải trí,...','Nút xoay thông minh giúp kiểm soát mọi tác vụ',36,3),(117,'Sử dụng layout Full Size vô cùng tiện lợi cùng cụm phím Numpad tách biệt hỗ trợ tốt nhất cho các công việc nhập liệu, soạn thảo bên cạnh nhu cầu chơi game đỉnh cao. Razer BlackWidow V4 Pro sử dụng tông màu đen chủ đạo cùng những chi tiết góc cạnh được gia công tinh xảo tất cả tạo nên tổng thể vô cùng đẹp mắt khi đặt cùng những dòng sản phẩm khác trong cùng hệ sinh thái Razer như chuột gaming, tai nghe máy tính,...','Thiết kế nổi bật, layout Full Size tiện dụng',36,1),(118,'Bên cạnh việc sử dụng thiết kế công thái học cùng layout fullsize tiện dụng, Razer Ornata V3 sử dụng switch độc quyền từ Razer Mecha-Membrane giúp người chơi có những trải nghiệm gõ phím nhanh hơn giúp chiếm ưu thế khi chơi game giải trí, không cần sử dụng nhiều lực giúp tăng năng suất làm việc, học tập.','Switch Razer Mecha-Membrane',37,3),(119,'Để sử dụng thoải mái cả ngày dài, Razer trang bị thêm phần kê tay được làm bằng nhựa và có thể tháo gắn dễ dàng bằng nam châm mang lại sự thoải mái và tránh đau nhức phần cổ tay trong thời gian dài sử dụng bàn phím.','Hỗ trợ kê tay có thể tháo rời',37,2),(120,'Một trong những điểm nổi bật trên dòng sản phẩm mới nhất đến từ chính là sở hữu thiết kế low-profile, giúp Razer Ornata V3 sở hữu hành trình phím ngắn hơn so với các đối thủ trong phân khúc bàn phím giả cơ với điểm chuyển động thấp mang đến cho người dùng cảm giác gõ phím nhanh và chính xác.','Thiết kế Fullsize tiện dụng',37,1),(121,'Khi sử dụng bàn phím Razer Ornata V3 với tần suất cao trong mọi nhu cầu từ học tập làm việc cho đến chơi game giải trí bạn hoàn toàn có thể yên tâm phần Keycap sẽ luôn bền đẹp với chất liệu nhựa ABS được phủ UV chống phai màu và chống nước.','Keycap nhựa ABS phủ UV chống phai màu và chống nước',37,4),(122,'Keycap của bàn phím được làm từ chất liệu PBT, nổi tiếng với độ bền cao và khả năng chống mài mòn, trầy xước vượt trội so với nhựa ABS thông thường. Điều này đảm bảo rằng bàn phím sẽ luôn giữ được vẻ ngoài đẹp mắt và cảm giác gõ phím ổn định trong suốt thời gian dài sử dụng.','Keycap chất liệu bền bỉ',38,4),(123,'Cảm giác gõ phím là một yếu tố quan trọng, và bàn phím Logitech G Pro X 60 Light Speed White không làm bạn thất vọng. Sử dụng switch GX Brown tactile, sản phẩm mang đến phản hồi gõ rõ ràng, êm ái và không quá ồn. Sự cân bằng giữa độ nhạy và độ êm ái khiến bạn có thể làm việc hoặc chơi game trong thời gian dài mà không cảm thấy mệt mỏi hay khó chịu.','Cảm giác gõ phím mượt mà',38,3),(124,'Bàn phím Logitech G Pro X 60 Light Speed White với bố cục 60% nhỏ gọn loại bỏ cụm phím số và phím chức năng. Không chỉ giúp tiết kiệm diện tích bàn mà còn mang lại không gian rộng rãi cho việc di chuyển chuột, lý tưởng cho game thủ và những người yêu thích sự gọn gàng. Thiết kế này sẽ làm bừng sáng góc làm việc của bạn, biến nó thành một không gian hiện đại và ngăn nắp.','Thiết kế nhỏ gọn, tiết kiệm không gian',38,1),(125,'Bạn sẽ không còn phải lo lắng về độ trễ khi sử dụng bàn phím Logitech G Pro X 60 Light Speed White nhờ công nghệ không dây Lightspeed độc quyền của Logitech. Với tốc độ báo cáo 1ms, từng thao tác phím của bạn sẽ được phản hồi ngay lập tức, mang lại lợi thế vượt trội trong các trận game căng thẳng. Kết nối ổn định và mượt mà này giúp bạn tập trung tối đa vào công việc hoặc trò chơi mà không bị gián đoạn.','Kết nối không dây tiện lợi',38,2),(126,'Không dừng lại ở thiết kế nhỏ gọn trọng lượng siêu nhẹ, Logitech G715 Off White là dòng bàn phím Bluetooth trên thị trường sở hữu thời lượng pin ấn tượng lên đến 30 giờ sử dụng liên tục để bạn có thể sử dụng ở bất kỳ đâu.','Thời lượng sử dụng Logitech G715 TKL lên đến 30 giờ',39,4),(127,'Để tối ưu khả năng di chuyển cho mọi nhu cầu sử dụng, Logitech G715 TKL được trang bị công nghệ kết nối Bluetooth siêu nhanh, kết nối ổn định, độ trễ cực thấp tránh làm gián đoạn khi sử dụng. Đặc biệt, với công nghệ LIGHTSPEED siêu nhạy bạn sẽ có những trải nghiệm ấn tượng cùng Logitech G715.','G715 kết nối qua công nghệ Bluetooth nhanh chóng',39,3),(128,'Để tăng thêm phần độc đáo cho mọi không gian, Logitech G715 TKL Off White được trang bị hệ thống led RGB cùng nhiều hiệu ứng chiếu sáng ấn tượng, lung linh có thể tinh chỉnh qua LIGHTSYNC. Người chơi hoàn toàn có thể đồng bộ các thiết bị như chuột máy tính, tai nghe và các thiết bị trong \'Hệ sinh thái Logitech\' vô cùng dễ dàng.','Tinh chỉnh hiệu ứng qua LIGHT SYNC',39,2),(129,'Logitech G715 TKL Off White là một trong những dòng bàn phím máy tính sở hữu thiết kế nhỏ gọn dễ dàng mang đi bất kỳ đâu. Được đánh giá là một trong những dòng bàn phím TKL mang đến cho người chơi trải nghiệm gõ độc đáo cùng thiết kế nổi bật. Với tông màu trắng ngà chủ đạo cùng các chi tiết được gia công tỉ mỉ, mềm mại người chơi có thể đặt chiếc bàn phím trong mọi không gian nhưng vẫn vô cùng nổi bật, tạo nên không gian gaming đầy sáng tạo, nổi bật và tinh tế.','Logitech G715 với thiết kế TKL phối màu tinh tế',39,1);
/*!40000 ALTER TABLE `detail_description` ENABLE KEYS */;
UNLOCK TABLES;

--
-- Table structure for table `invalidated_token`
--

DROP TABLE IF EXISTS `invalidated_token`;
/*!40101 SET @saved_cs_client     = @@character_set_client */;
/*!50503 SET character_set_client = utf8mb4 */;
CREATE TABLE `invalidated_token` (
  `token_id` varchar(255) NOT NULL,
  `expiry_date` datetime(6) DEFAULT NULL,
  PRIMARY KEY (`token_id`)
) ENGINE=InnoDB DEFAULT CHARSET=utf8mb4 COLLATE=utf8mb4_0900_ai_ci;
/*!40101 SET character_set_client = @saved_cs_client */;

--
-- Dumping data for table `invalidated_token`
--

LOCK TABLES `invalidated_token` WRITE;
/*!40000 ALTER TABLE `invalidated_token` DISABLE KEYS */;
/*!40000 ALTER TABLE `invalidated_token` ENABLE KEYS */;
UNLOCK TABLES;

--
-- Table structure for table `manufacturers`
--

DROP TABLE IF EXISTS `manufacturers`;
/*!40101 SET @saved_cs_client     = @@character_set_client */;
/*!50503 SET character_set_client = utf8mb4 */;
CREATE TABLE `manufacturers` (
  `manufacturer_id` bigint NOT NULL AUTO_INCREMENT,
  `description` varchar(255) DEFAULT NULL,
  `manufacturer_name` varchar(255) DEFAULT NULL,
  PRIMARY KEY (`manufacturer_id`)
) ENGINE=InnoDB AUTO_INCREMENT=22 DEFAULT CHARSET=utf8mb4 COLLATE=utf8mb4_0900_ai_ci;
/*!40101 SET character_set_client = @saved_cs_client */;

--
-- Dumping data for table `manufacturers`
--

LOCK TABLES `manufacturers` WRITE;
/*!40000 ALTER TABLE `manufacturers` DISABLE KEYS */;
INSERT INTO `manufacturers` VALUES (1,NULL,'ASUS'),(2,NULL,'LG'),(3,NULL,'DELL'),(4,NULL,'Gigabyte'),(5,NULL,'Acer'),(6,NULL,'MSI'),(7,NULL,'Lenovo'),(8,NULL,'Samsung'),(9,NULL,'E-Dra'),(10,NULL,'Dahua'),(11,NULL,'HP'),(12,NULL,'Akko'),(13,NULL,'Dare-U'),(14,NULL,'Rapoo'),(15,NULL,'Corsair'),(16,NULL,'Logitech'),(17,NULL,'Razer'),(18,NULL,'Microsoft'),(19,NULL,'HyperX'),(20,NULL,'Warrior'),(21,NULL,'DareU');
/*!40000 ALTER TABLE `manufacturers` ENABLE KEYS */;
UNLOCK TABLES;

--
-- Table structure for table `notifications`
--

DROP TABLE IF EXISTS `notifications`;
/*!40101 SET @saved_cs_client     = @@character_set_client */;
/*!50503 SET character_set_client = utf8mb4 */;
CREATE TABLE `notifications` (
  `notification_id` bigint NOT NULL AUTO_INCREMENT,
  `content` varchar(255) DEFAULT NULL,
  `product_id` bigint DEFAULT NULL,
  PRIMARY KEY (`notification_id`),
  UNIQUE KEY `UK9voab7s8v4nmrcq3ay4j71jx8` (`product_id`),
  CONSTRAINT `FKix2l63ilcu384ke5kprwx1xy` FOREIGN KEY (`product_id`) REFERENCES `products` (`product_id`)
) ENGINE=InnoDB DEFAULT CHARSET=utf8mb4 COLLATE=utf8mb4_0900_ai_ci;
/*!40101 SET character_set_client = @saved_cs_client */;

--
-- Dumping data for table `notifications`
--

LOCK TABLES `notifications` WRITE;
/*!40000 ALTER TABLE `notifications` DISABLE KEYS */;
/*!40000 ALTER TABLE `notifications` ENABLE KEYS */;
UNLOCK TABLES;

--
-- Table structure for table `order_details`
--

DROP TABLE IF EXISTS `order_details`;
/*!40101 SET @saved_cs_client     = @@character_set_client */;
/*!50503 SET character_set_client = utf8mb4 */;
CREATE TABLE `order_details` (
  `order_detail_id` bigint NOT NULL AUTO_INCREMENT,
  `price` float NOT NULL,
  `quantity` int NOT NULL,
  `total_price` float DEFAULT NULL,
  `product_id` bigint DEFAULT NULL,
  `cart_id` bigint DEFAULT NULL,
  `order_id` bigint DEFAULT NULL,
  PRIMARY KEY (`order_detail_id`),
  KEY `FK4q98utpd73imf4yhttm3w0eax` (`product_id`),
  KEY `FKratbs1cw3gye9x8guoegoaxco` (`cart_id`),
  KEY `FKjyu2qbqt8gnvno9oe9j2s2ldk` (`order_id`),
  CONSTRAINT `FK4q98utpd73imf4yhttm3w0eax` FOREIGN KEY (`product_id`) REFERENCES `products` (`product_id`),
  CONSTRAINT `FKjyu2qbqt8gnvno9oe9j2s2ldk` FOREIGN KEY (`order_id`) REFERENCES `orders` (`order_id`),
  CONSTRAINT `FKratbs1cw3gye9x8guoegoaxco` FOREIGN KEY (`cart_id`) REFERENCES `shoppingcarts` (`cart_id`)
) ENGINE=InnoDB AUTO_INCREMENT=4 DEFAULT CHARSET=utf8mb4 COLLATE=utf8mb4_0900_ai_ci;
/*!40101 SET character_set_client = @saved_cs_client */;

--
-- Dumping data for table `order_details`
--

LOCK TABLES `order_details` WRITE;
/*!40000 ALTER TABLE `order_details` DISABLE KEYS */;
INSERT INTO `order_details` VALUES (1,20990000,1,20990000,15,2,2),(2,28990000,1,28990000,14,2,2),(3,15490000,1,15490000,13,2,2);
/*!40000 ALTER TABLE `order_details` ENABLE KEYS */;
UNLOCK TABLES;

--
-- Table structure for table `orders`
--

DROP TABLE IF EXISTS `orders`;
/*!40101 SET @saved_cs_client     = @@character_set_client */;
/*!50503 SET character_set_client = utf8mb4 */;
CREATE TABLE `orders` (
  `order_id` bigint NOT NULL AUTO_INCREMENT,
  `customer_name` varchar(255) NOT NULL,
  `note` varchar(255) DEFAULT NULL,
  `order_date` date DEFAULT NULL,
  `payment_method` varchar(255) NOT NULL,
  `payment_status` varchar(255) NOT NULL,
  `phone_number` varchar(255) NOT NULL,
  `receive_date` date DEFAULT NULL,
  `shipping_address` varchar(255) NOT NULL,
  `shipping_method` varchar(255) NOT NULL,
  `shipping_state` varchar(255) NOT NULL,
  `total_price` float DEFAULT NULL,
  `user_id` bigint DEFAULT NULL,
  PRIMARY KEY (`order_id`),
  KEY `FK32ql8ubntj5uh44ph9659tiih` (`user_id`),
  CONSTRAINT `FK32ql8ubntj5uh44ph9659tiih` FOREIGN KEY (`user_id`) REFERENCES `users` (`user_id`)
) ENGINE=InnoDB AUTO_INCREMENT=3 DEFAULT CHARSET=utf8mb4 COLLATE=utf8mb4_0900_ai_ci;
/*!40101 SET character_set_client = @saved_cs_client */;

--
-- Dumping data for table `orders`
--

LOCK TABLES `orders` WRITE;
/*!40000 ALTER TABLE `orders` DISABLE KEYS */;
INSERT INTO `orders` VALUES (1,'Truong','Giao le','2024-10-29','Cash On Delivery','Not Yet','0971487037','2024-11-01','Phu Luu Quang Tri','Express','In Delivery',2500,1),(2,'Nguyễn Trường','Giao le','2024-12-06','Cash On Delivery','Not Yet','0971487037','2024-12-09','Phù Lưu, Quảng Trị','Express','In Delivery',65470000,2);
/*!40000 ALTER TABLE `orders` ENABLE KEYS */;
UNLOCK TABLES;

--
-- Table structure for table `permissions`
--

DROP TABLE IF EXISTS `permissions`;
/*!40101 SET @saved_cs_client     = @@character_set_client */;
/*!50503 SET character_set_client = utf8mb4 */;
CREATE TABLE `permissions` (
  `permission_id` varchar(255) NOT NULL,
  `description` varchar(255) DEFAULT NULL,
  `role_id` varchar(255) DEFAULT NULL,
  PRIMARY KEY (`permission_id`),
  KEY `FKmvliun0ngpho0bltt7j6ycqgc` (`role_id`),
  CONSTRAINT `FKmvliun0ngpho0bltt7j6ycqgc` FOREIGN KEY (`role_id`) REFERENCES `roles` (`role_id`)
) ENGINE=InnoDB DEFAULT CHARSET=utf8mb4 COLLATE=utf8mb4_0900_ai_ci;
/*!40101 SET character_set_client = @saved_cs_client */;

--
-- Dumping data for table `permissions`
--

LOCK TABLES `permissions` WRITE;
/*!40000 ALTER TABLE `permissions` DISABLE KEYS */;
/*!40000 ALTER TABLE `permissions` ENABLE KEYS */;
UNLOCK TABLES;

--
-- Table structure for table `product_images`
--

DROP TABLE IF EXISTS `product_images`;
/*!40101 SET @saved_cs_client     = @@character_set_client */;
/*!50503 SET character_set_client = utf8mb4 */;
CREATE TABLE `product_images` (
  `id` bigint NOT NULL AUTO_INCREMENT,
  `image_url` varchar(255) DEFAULT NULL,
  `product_id` bigint DEFAULT NULL,
  PRIMARY KEY (`id`),
  KEY `FKqnq71xsohugpqwf3c9gxmsuy` (`product_id`),
  CONSTRAINT `FKqnq71xsohugpqwf3c9gxmsuy` FOREIGN KEY (`product_id`) REFERENCES `products` (`product_id`) ON DELETE CASCADE ON UPDATE CASCADE
) ENGINE=InnoDB AUTO_INCREMENT=201 DEFAULT CHARSET=utf8mb4 COLLATE=utf8mb4_0900_ai_ci;
/*!40101 SET character_set_client = @saved_cs_client */;

--
-- Dumping data for table `product_images`
--

LOCK TABLES `product_images` WRITE;
/*!40000 ALTER TABLE `product_images` DISABLE KEYS */;
INSERT INTO `product_images` VALUES (4,'1150ce1f-9e79-49b3-bc70-21a6038d66b0_LG 1.2.webp',8),(5,'cd21ce28-0f3d-4335-bb9a-1dffd6a2bf67_LG 1.3.webp',8),(6,'242412dc-e4da-4218-9920-14f88d996b27_LG 1.4.webp',8),(7,'2c2f9cc2-45ac-4b8a-addc-9d4df8a32b95_LG 1.5.webp',8),(8,'daa1bf5c-a415-4ca9-8557-59be321e9e6e_LG 1.6.webp',8),(9,'9ad636b7-4376-40fa-8711-285924f1b36d_LG 2.2.webp',9),(10,'3dc1a8c8-1eba-4b84-8108-9b83e42a3c19_LG 2.3.webp',9),(11,'e2777bd5-77af-445c-8a10-57c8b7aa3551_LG 2.4.webp',9),(12,'4ea2829d-43aa-4f9d-833c-0b517015ac98_LG 2.5.webp',9),(13,'735a7471-892d-4b77-907a-7b8daa3bd975_LG 2.6.webp',9),(14,'3bfcc0f1-2946-4e5f-bfa5-8478355cd095_LG 2.7.webp',9),(15,'f864cbb8-8080-4328-8d93-793ce0382958_3.4.png',10),(16,'52e7130d-8dc4-43eb-9511-d9ea872dc74c_3.5.png',10),(17,'2bb939f5-533d-4237-9362-7b4e76fa23b6_3.6.png',10),(18,'bd124814-169b-4f0a-89c1-dac9c2de5e43_3.7.png',10),(19,'9dfd8b9c-265d-475e-8f2a-0c4b426a1001_3.8.png',10),(20,'56e7cf10-dc54-49c5-8f42-1ccf229815ec_4.2.webp',11),(21,'cc687fab-90c4-4ed8-9681-e65316e83e1f_4.3.webp',11),(22,'cf56d4e2-77e6-447a-ab61-4d09ea782eee_4.4.webp',11),(23,'b41d3d61-abe0-4b94-90d6-cc364b295cb1_4.5.webp',11),(24,'333a1781-f198-4cfc-b20e-5080db2ba35c_4.6.webp',11),(25,'58e7badb-af30-44f8-ac9b-d53f251337e4_4.7.webp',11),(26,'171c892e-6d7d-45e9-aee1-b68f63229d9d_4.8.webp',11),(27,'73bf1455-9746-4e11-9afc-07f4dd6b3f6b_5.1.webp',12),(28,'b250b11e-92b0-4ae8-bdb6-6f2bdcc71679_5.2.webp',12),(29,'82c9caf3-0fde-409b-8332-50c28b89dd0f_5.3.webp',12),(30,'bb091b08-840c-4a9b-a4da-b0d4e2dae479_5.4.webp',12),(31,'e0915bda-8e24-47b7-9110-b667c4a469c0_5.5.webp',12),(32,'393f9a75-382b-41d4-8499-68ab872dea5a_5.6.webp',12),(33,'d0c56a53-abea-420b-8959-eb6b1823c526_6.2.png',13),(34,'88f3b059-c636-4e2a-b099-bde8c803637a_6.3.png',13),(35,'b170df70-0abd-4839-9ca9-c9452e6a5a4e_6.4.png',13),(36,'29d7b542-7128-4d37-b866-b406ee73e48c_6.5.png',13),(37,'6779b129-ce85-49d6-b634-5471cedaf189_6.6.png',13),(38,'2d72b851-0dd3-407c-bf4f-a4b5b0515c7b_6.7.png',13),(39,'d89efc92-baab-4eb2-96f8-fd4e992d9dd7_7.2.webp',14),(40,'4fd22e67-a100-4f7b-a4b2-547b2ec37b94_7.3.webp',14),(41,'a3a536ee-b4e8-40a4-8ecd-e740875f738c_7.4.webp',14),(42,'618c2239-1c4c-4939-b78d-717813ae30e2_7.5.png',14),(43,'d83256e2-d67c-4bba-8318-4db7cda63d8e_7.6.webp',14),(44,'3cb417ac-dd68-4c3b-8aa3-2cc73cdc64e3_7.7.png',14),(45,'15a316bc-91dc-4186-8959-b7d5b2194544_8.1.webp',15),(46,'320ac49f-254a-4345-a309-96ee9ad5cd6f_8.2.webp',15),(47,'8b3e3199-4665-4216-a091-b1f73bb47513_8.3.webp',15),(48,'e8d13506-690f-4622-9a78-54fdd95c2928_8.4.webp',15),(49,'9592f0ac-b93a-41e2-9b84-25429879b444_8.5.webp',15),(50,'caae248a-bed0-4330-88fe-b712eaf80e7d_8.6.webp',15),(53,'e4dd9144-b5db-480f-a788-462d092bbe08_9.1.webp',16),(54,'70f6315e-08eb-43e9-995f-9d800544c741_9.2.webp',16),(55,'11a52f97-af5f-4a39-9a3f-68b8a9234bfb_9.3.webp',16),(56,'81f2e9b8-2512-4cf7-802c-e304d5f9ed4c_9.4.webp',16),(57,'6638bbbb-3b89-40e2-ad43-1c3a4be95f91_9.5.webp',16),(58,'32a4d9a0-4521-481d-a876-dcd80126211a_9.6.webp',16),(59,'018139d8-1b26-460a-9d52-a41052706623_9.7.webp',16),(61,'9cfab4be-babf-4ff5-9f95-74cc14426eff_10.1.webp',17),(62,'4abd1e84-4e17-4404-a2a1-749206e6a06f_10.2.webp',17),(63,'e8fb28fe-642c-4c92-89d0-ee577a2de4cb_10.3.webp',17),(64,'21feb04c-89e5-4eda-a329-478a0c1cb0df_10.4.webp',17),(65,'3a6fff0d-4975-43fd-8505-ee432b2b1c2b_10.5.png',17),(66,'f01c57be-1d5b-42eb-b7dc-be37edaa1221_10.6.webp',17),(67,'3d12718e-30f6-4945-82be-70cb94c840d4_10.7.webp',17),(68,'9d1ab93c-ad6a-42bd-9ae9-b6bba249c69f_1.1.webp',18),(69,'33500c73-4539-4ef4-bc61-6d24eaa78e4b_1.2.webp',18),(70,'eb342127-f1c8-49fb-9fe1-b543c1b5bf7e_1.3.webp',18),(71,'54d48f97-bce9-4e10-b886-780164c91600_1.4.webp',18),(72,'e7ec0f05-fc36-49bd-9be2-b220063f0dc7_1.5.webp',18),(73,'7e03c7c2-f52c-47e8-b3b9-430ea4c6c4c3_1.6.webp',18),(74,'98c2976f-5cf2-4a2e-b5a4-b960f332e03a_1.7.webp',18),(75,'de7adafe-1229-4f65-ae7a-c1a2620e7dfc_2.1.webp',19),(76,'b3bda096-f31c-4e49-9229-73a94db6017b_2.2.webp',19),(77,'19a8e18a-0317-4315-abb5-b376720b1bc0_2.3.webp',19),(78,'4e652e9c-ac66-49ba-9af0-ff9b61bdbd9a_2.4.webp',19),(79,'88488af2-f1c9-4c4c-99f6-1e2c776aa986_2.5.webp',19),(80,'42aa7da4-96d9-4662-9472-f3e7731a89d9_2.6.webp',19),(81,'a48621f6-7fff-45fb-a019-f58f5f4f2788_2.7.webp',19),(82,'e4114907-633b-43cd-a333-a06c81c55998_4.1.webp',21),(83,'3b1900ff-360b-487e-8aa1-5b425876bdd1_4.2.webp',21),(84,'ab5bd060-5300-4d83-aec0-f52da7564afd_4.3.webp',21),(85,'87aa83ad-58c9-4df0-932f-51a1a4e036c2_4.4.webp',21),(86,'b424d162-57d1-49e7-8915-3af034429f92_4.6.webp',21),(87,'54805ac8-f9a8-45c0-8345-92490d204477_4.7.webp',21),(88,'32a4eed9-9b5d-4e80-96d4-d6142dc428b3_3.1.webp',20),(89,'848d4a5b-9403-4c2d-90a1-eb8cfc91d446_3.2.webp',20),(90,'74f68cc0-3537-401d-93cb-f33a43b9940f_3.3.webp',20),(91,'21354be1-9ec3-4fd7-94ae-3e39d750b0d7_3.4.webp',20),(92,'1d95541c-ea0f-4e52-8ba5-262eb1abaeaf_3.5.webp',20),(93,'00cb6916-0405-49a3-8f0e-4e8a6efbb38b_3.6.webp',20),(94,'d4584ef5-81f6-41d6-84a7-01748819240f_3.7.webp',20),(95,'a1bf24f8-8c0d-4a83-b304-6a5f706a26c8_5.1.webp',22),(96,'761d8655-ba7b-4d86-8ea5-1814567bd61c_5.2.webp',22),(97,'f8b1d09b-257b-48c6-90e2-7a47b1fa2db3_5.3.webp',22),(98,'1c0cc5b7-4ac7-40f0-91cc-7f8b9907ed6c_5.4.webp',22),(99,'66af198b-398d-408b-8bf4-9c5c8306bdb7_5.5.webp',22),(100,'0d687b7c-461c-4571-8e7f-be1a044d0f1a_5.6.webp',22),(101,'86556507-0b85-430b-9d5f-90230a008987_5.7.png',22),(102,'e1732db1-6859-4168-b2aa-5e106b02dfe6_6.1.webp',23),(103,'d70b024a-cc62-4199-80e5-2cd09351bb28_6.2.webp',23),(104,'75792b6a-663e-4c08-905e-55487e62797f_6.3.webp',23),(105,'b9225203-5dce-4bbc-bffe-bc646d1fde4e_6.4.webp',23),(106,'3513f8ed-73af-4816-b21d-69c15921db6b_6.5.png',23),(107,'9a545adb-fec9-4b4a-8898-eb45b1afedf5_6.6.webp',23),(110,'2c542761-9de0-4cea-b052-825911c35786_7.1.webp',24),(111,'275cf0e0-a413-424d-8594-4ced45ff378c_7.2.webp',24),(112,'f5793708-8dfa-41d6-bc63-d911e0e98fd1_7.3.webp',24),(113,'1f830f00-dc3e-45d8-9167-25ef23db8369_7.4.webp',24),(114,'28785338-dab2-4a9a-9402-99435606d1db_7.5.webp',24),(115,'b76ab710-c0b9-46b5-9187-15b76e4bd808_7.6.webp',24),(116,'29dbefcf-9883-40ab-a455-235f95fc952f_8.1.webp',25),(117,'15ac4b5e-e1e0-450c-9016-2dde6fe48f9a_8.2.png',25),(118,'453aa55f-28c0-4762-a703-c21784a18a05_8.3.webp',25),(119,'35801c05-86e7-43ae-86f8-9a75db25bd79_8.4.webp',25),(120,'77f89561-c79f-42c0-806d-bacdd66de7b2_8.5.png',25),(121,'fc0c7e7a-d025-4199-9970-9b82f1d21fc0_8.6.webp',25),(122,'4e48ccf0-f9ab-42f3-952f-3d24bae37969_9.1.webp',26),(123,'8c65dfd4-f277-4393-b443-44a1a56f4446_9.2.png',26),(124,'419c6359-a81a-42c5-9931-9d4de667bab5_9.3.webp',26),(125,'5dfef940-2411-4ca9-85b8-bd7d1d0c7f21_9.4.webp',26),(126,'0ac57b71-5b79-4502-bd42-df407e6dae94_9.5.png',26),(127,'47d807cf-c119-42be-887d-ad0a586078c7_9.6.webp',26),(128,'fb6f05d1-d9e4-4709-9bfe-db00088e7afb_9.7.webp',26),(130,'e20d1e6e-e92c-47bd-bf01-2aa4799f79fd_10.1.webp',27),(131,'9a629a64-4ce8-4ce9-aa14-13ad7bba8050_10.2.webp',27),(132,'c122f9b7-9fd0-4ac4-b874-16d09dcf92bd_10.3.webp',27),(133,'24528dd4-cce9-4bf4-bb7b-57b038de901c_10.4.webp',27),(134,'668d532e-e648-4fe4-9552-ef000feec62a_10.5.webp',27),(135,'0d951fc3-37af-4f08-a173-84f43481e494_10.6.webp',27),(136,'67c51efb-ea6f-488e-bbb5-f2103945d1fb_1.1.webp',28),(137,'6a417f1d-1ab0-4ec9-850b-2e83990b5a94_1.2.webp',28),(138,'aae1d5f5-1cdd-4937-b29d-63914308cd40_1.3.webp',28),(139,'0367a8ca-04ba-47f8-b63c-ad14e6b0ad5a_1.4.webp',28),(140,'db0fa63f-e9e8-4ed3-9810-15d24b2c7898_2.1.webp',29),(141,'a0f855e0-9014-476c-9244-022b3972b87f_2.2.webp',29),(142,'03a7e623-c952-492e-abef-fa25d5c75561_2.3.webp',29),(143,'e49fc0f7-c59f-4eb9-a823-b60fa8209f0f_2.4.webp',29),(144,'ba1815ca-2cd1-46fe-b1c6-00e505b37c58_3.1.webp',30),(145,'f4a40de7-808c-4228-9b7a-e01e1a873a33_3.2.webp',30),(146,'b183f00e-4916-4326-8710-f98bcb8fda38_3.3.webp',30),(147,'35e6e5c2-d2b2-4a85-a849-6c9f70a7c068_3.4.webp',30),(148,'ab073a6e-b872-49ed-9fdc-41f67d2a8143_3.5.webp',30),(149,'a084d2b8-813c-4f75-b029-0fb94615ab42_1.1.webp',31),(150,'b874d151-29a2-4bdb-b53f-0ba197f420ef_1.2.webp',31),(151,'a26e4d65-a465-497d-bda4-40ec05f5384f_1.3.webp',31),(152,'f8d4cb48-07d8-4fe8-a969-290fcaf8d190_1.4.webp',31),(153,'8c910d26-eb0c-44d7-b7db-b3568c6d3ea7_1.5.webp',31),(154,'40ca609f-45d5-4c0f-9884-5193254004c5_1.6.webp',31),(155,'ec025074-0a4b-4641-a2b0-e717e74ee403_3.1.jpg',32),(156,'deba82b6-d300-4cfd-90d0-10e2184a2ed7_3.2.webp',32),(157,'b8d634ec-358d-4574-b51d-1082fb31d687_3.3.webp',32),(158,'5a7a435e-7448-4030-92f0-ef073f3d8203_3.4.webp',32),(159,'4840c8cb-b695-486a-8cd3-5bc4040570be_3.5.webp',32),(166,'0b4b3730-97a7-4c37-ac84-c6f964e91148_5.2.jpg',34),(167,'6056e7bf-f6e8-4e98-b97f-b48007df7570_5.3.jpg',34),(168,'837fc0d6-a7b7-47b9-a398-ff9d566b5ba9_5.4.jpg',34),(169,'e566d523-e153-42ec-9859-32c321511e61_5.5.jpg',34),(174,'a90080ff-2fbe-4e6d-8de1-2b70ae98b8fd_4.2.webp',36),(175,'541e5f0e-47cb-4de9-80c7-84ec05102fda_4.3.jpg',36),(176,'1d38fa69-5aa5-4724-a760-8d7157692195_4.4.jpg',36),(177,'aa8e38f1-835e-4a60-ba77-fa4c194cbc78_4.5.jpg',36),(178,'365ff1ae-5f5c-4dcd-b39a-892c8be8183a_4.6.webp',36),(179,'48c734b2-fd4a-48cb-b02f-080a15cefbd9_3.2.webp',35),(180,'706ab6c6-b74e-47d8-9b72-4c81183d81e4_3.3.webp',35),(181,'f94b80d2-d1b8-4a7a-9dd7-74e309d08624_3.4.webp',35),(182,'cd72dec3-d789-41c9-b4bf-39b9caa0e371_3.5.webp',35),(183,'ef59009b-e4d3-4af7-b628-ff20117d94d5_6.2.webp',37),(184,'fb4272a8-9e19-4ed5-8d52-c19d559946fd_6.3.webp',37),(185,'0a224904-5492-4f3b-ab88-69244c9603c6_6.4.webp',37),(186,'6753c452-03ad-42ed-81c8-5c3ec7782d7e_6.5.webp',37),(187,'030e6ba1-30d4-4580-add3-1752a91eb9c9_6.6.webp',37),(193,'18cbc6ed-2cee-4c02-a016-75b90ae5dc1a_7.2.webp',38),(194,'2cfa084b-feaf-453b-b8be-df62f2b5dc48_7.3.webp',38),(195,'4b7f83be-f459-4ede-bf6c-782d144410c5_7.4.webp',38),(196,'494a58bc-bf88-4f9b-ad16-6187d860ccaf_7.5.webp',38),(197,'b3aea60f-b88f-4ed3-a1f2-0073401dd7dd_8.1.webp',39),(198,'3c31aaaf-1e53-4abc-a3e2-537dd4610cb7_8.2.webp',39),(199,'322c5775-c923-4619-8586-7d66fe5f7fe4_8.3.webp',39),(200,'5c0c916a-2882-4c2e-975d-78aeef5ae754_8.4.webp',39);
/*!40000 ALTER TABLE `product_images` ENABLE KEYS */;
UNLOCK TABLES;

--
-- Table structure for table `products`
--

DROP TABLE IF EXISTS `products`;
/*!40101 SET @saved_cs_client     = @@character_set_client */;
/*!50503 SET character_set_client = utf8mb4 */;
CREATE TABLE `products` (
  `product_id` bigint NOT NULL AUTO_INCREMENT,
  `date_created` datetime(6) DEFAULT NULL,
  `date_modified` datetime(6) DEFAULT NULL,
  `description` varchar(255) DEFAULT NULL,
  `price` float NOT NULL,
  `product_name` varchar(255) DEFAULT NULL,
  `state` int DEFAULT NULL,
  `thumbnail` varchar(255) DEFAULT NULL,
  `category_id` bigint DEFAULT NULL,
  `manufacturer_id` bigint DEFAULT NULL,
  PRIMARY KEY (`product_id`),
  KEY `FKljnead8q1652k9q5p0fe0o1g2` (`manufacturer_id`),
  KEY `FKog2rp4qthbtt2lfyhfo32lsw9` (`category_id`),
  CONSTRAINT `FKljnead8q1652k9q5p0fe0o1g2` FOREIGN KEY (`manufacturer_id`) REFERENCES `manufacturers` (`manufacturer_id`),
  CONSTRAINT `FKog2rp4qthbtt2lfyhfo32lsw9` FOREIGN KEY (`category_id`) REFERENCES `categories` (`category_id`)
) ENGINE=InnoDB AUTO_INCREMENT=40 DEFAULT CHARSET=utf8mb4 COLLATE=utf8mb4_0900_ai_ci;
/*!40101 SET character_set_client = @saved_cs_client */;

--
-- Dumping data for table `products`
--

LOCK TABLES `products` WRITE;
/*!40000 ALTER TABLE `products` DISABLE KEYS */;
INSERT INTO `products` VALUES (8,'2024-11-28 15:53:08.615515','2024-11-30 23:29:00.910038',NULL,13990000,'Laptop Gaming Acer Nitro 5 AN515 45 R6EV',1,'ad88ca14-d146-4eec-96b4-683f96296eda_LG 1.1.webp',2,5),(9,'2024-11-28 22:08:08.515776','2024-12-01 21:50:52.572456',NULL,43990000,'Laptop gaming ASUS ROG Strix G16 G614JI N4125W',1,'52145f39-5cc5-4082-ae71-d9e3cb9ce78e_LG 2.1.webp',2,1),(10,'2024-11-28 22:17:31.350650','2024-12-01 21:54:13.737200',NULL,27490000,'Laptop gaming ASUS TUF Gaming A15 FA507NV LP046W',1,'1a475401-7ab9-4eb1-b9a6-e2a751fc30f7_3.1.png',2,1),(11,'2024-11-28 22:21:59.950159','2024-12-01 21:54:49.082238',NULL,20490000,'Laptop gaming ASUS TUF Gaming F15 FX507ZC4 HN095W',1,'652074bc-6361-4e4a-bf72-1b0d36030ba8_4.1.webp',2,1),(12,'2024-11-28 22:28:35.655889','2024-12-01 21:55:17.174363',NULL,17290000,'Laptop gaming ASUS Vivobook 16X K3605ZF RP634W',1,'4ae6918d-cb41-4b5d-b19c-a875a7a13b1b_5.1.webp',2,1),(13,'2024-11-28 22:32:50.454483','2024-12-01 21:55:59.065441',NULL,15490000,'Laptop gaming Acer Aspire 5 A515 58GM 53PZ',1,'7b535e26-0076-4ae6-95a0-673dcc4d76b0_6.1.png',2,5),(14,'2024-11-28 22:36:31.550259','2024-12-01 22:03:29.376760',NULL,28990000,'Laptop gaming Acer Nitro 16 Phoenix AN16 41 R3SM',1,'a9e5ab9c-d805-442d-bf38-f0e7970c08e0_7.1.webp',2,5),(15,'2024-11-28 22:48:08.982522','2024-12-01 22:02:05.349713',NULL,20990000,'Laptop gaming Acer Nitro 5 AN515 46 R6QR',1,'a0c55520-df58-4602-853e-b4772536f307_8.1.webp',2,5),(16,'2024-11-28 22:54:29.910933','2024-12-01 22:01:31.089125',NULL,18990000,'Laptop gaming Acer Nitro 5 Tiger AN515 58 50EE',1,'e4dd9144-b5db-480f-a788-462d092bbe08_9.1.webp',2,5),(17,'2024-11-28 23:13:48.207428','2024-12-01 22:00:53.086699',NULL,18990000,'Laptop gaming Acer Nitro V ANV15 51 58AN',1,'7f7da8f5-d51e-45a5-86ec-5246df819a38_10.1.webp',2,5),(18,'2024-11-30 09:23:23.315113','2024-12-01 22:00:06.961570',NULL,9490000,'Laptop Acer Aspire 3 A315 58 54M5',1,'7fccac57-0f22-4588-8419-92595555b447_1.1.webp',1,5),(19,'2024-11-30 09:29:39.424814','2024-12-01 22:03:34.292059',NULL,43990000,'Laptop Lenovo Yoga Pro 7 14IMH9 83E2006MVN',1,'423563dc-be39-418c-b567-8b0554b28274_2.1.webp',1,7),(20,'2024-11-30 09:37:28.195204','2024-12-01 22:05:47.952166',NULL,9790000,'Laptop Lenovo V14 G4 IRU 83A0000TVN',1,'dcfb1797-b961-49be-9556-0de7b6d4b752_3.1.webp',1,7),(21,'2024-11-30 09:41:50.158803','2024-11-30 09:41:50.158803',NULL,13790000,'Laptop Lenovo V14 G4 IRU 83A000BHVN',1,'b47abb55-2222-423e-a3bb-400df3c45b49_4.1.webp',1,7),(22,'2024-11-30 09:48:07.942146','2024-12-01 22:07:07.569753',NULL,17990000,'Laptop ASUS Vivobook 15 OLED A1505VA MA468W',1,'6bfbee45-fcf2-4b34-96e2-871321865502_5.1.webp',1,1),(23,'2024-11-30 09:53:10.872620','2024-12-01 22:08:28.058512',NULL,26290000,'Laptop ASUS Vivobook S 16 OLED S5606MA MX051W',1,'cf2e4207-8d67-4c07-afd0-82d2f7b2d3b7_6.1.webp',1,1),(24,'2024-11-30 09:57:37.743284','2024-12-01 22:08:49.734236',NULL,25990000,'Laptop ASUS Zenbook 14 OLED UX3405MA PP151W',1,'383b9d75-5741-4bd2-b4f3-10c8f826d8b9_7.1.webp',1,1),(25,'2024-11-30 10:02:00.714064','2024-12-01 22:09:09.412134',NULL,54990000,'Laptop ASUS Zenbook Duo OLED UX8406MA PZ142W',1,'809a02b8-9d07-4300-9bfd-55e5aa4e8a15_8.1.webp',1,1),(26,'2024-11-30 10:05:26.612746','2024-12-01 22:09:36.092555',NULL,45990000,'Laptop ASUS Zenbook Duo OLED UX8406MA PZ307W',1,'ac10c663-fc76-44d1-97d1-e3df6b950e2a_9.1.webp',1,7),(27,'2024-11-30 10:13:57.240863','2024-12-01 22:09:57.574035',NULL,27490000,'Laptop LG Gram Style 14Z90RS GAH54A5',1,'f1018199-06d0-41a8-802b-030a9e1a7879_10.1.webp',1,7),(28,'2024-12-01 23:22:30.751369','2024-12-01 23:22:30.751369',NULL,3190000,'Màn hình Asus TUF GAMING VG249Q3A 24 inch  Fast IPS 180Hz Gsync chuyên game',1,'09ce59ca-3ddd-4e22-8955-60f3dace5907_1.1.webp',8,1),(29,'2024-12-01 23:44:17.633723','2024-12-01 23:44:17.633723',NULL,2390000,'Màn hình Acer EK251Q G 25\" IPS 120Hz',1,'597fd72b-aaeb-47d6-80da-357fceeca762_2.1.webp',8,5),(30,'2024-12-01 23:50:51.328478','2024-12-01 23:50:51.328478',NULL,3790000,'Màn hình Philips 27E2N1500 27\" IPS 2K 120Hz',1,'2b57e2be-ec9f-4308-bf83-06e306aaa7d2_3.1.webp',8,1),(31,'2024-12-04 10:24:04.283259','2024-12-04 10:24:04.283259',NULL,899000,'Bàn phím cơ DareU EK65s White Black PBT Dream Switch',1,'34b29d2b-8fe9-43e7-ac04-96fbcf5947e9_1.1.webp',9,21),(32,'2024-12-04 10:30:37.659654','2024-12-04 10:30:37.659654',NULL,1399000,'Bàn phím DAREU EK98 PRO Proto Dream switch',1,'bac568c7-d04a-4bcc-9353-83ae834f8afc_2.1.webp',9,21),(34,'2024-12-04 10:40:22.698420','2024-12-04 10:40:22.698420',NULL,699000,'Bàn phím cơ Gaming DAREU EK87 v2 White Black Dream Switch',1,'577f6ec4-0041-48ce-beaa-61ab70a3c970_5.1.webp',9,21),(35,'2024-12-04 10:42:43.581715','2024-12-04 10:42:43.581715',NULL,6490000,'Bàn phím Razer Huntsman V3 Pro TKL',1,'94f95413-5cc3-406b-a814-c5d86c91741d_3.1.jpg',9,17),(36,'2024-12-04 10:44:40.208175','2024-12-04 10:44:40.208175',NULL,6190000,'Bàn phím cơ Razer BlackWidow V4 Pro Yellow Switch',1,'8668888c-b0bd-499e-b557-b61e9ca79d46_4.1.webp',9,17),(37,'2024-12-04 10:49:26.386891','2024-12-04 10:49:26.386891',NULL,1789000,'Bàn phím Razer Ornata V3',1,'d9a2eacc-7133-4b2a-b94e-a42797369c25_6.1.webp',9,17),(38,'2024-12-04 11:03:59.497635','2024-12-04 11:03:59.497635',NULL,4990000,'Bàn phím Logitech G Pro X 60 Light Speed White',1,'93ec09a8-d5c4-4ae9-b555-75dc4aa78c66_7.1.webp',9,16),(39,'2024-12-04 11:09:23.197974','2024-12-04 11:09:23.197974',NULL,4399000,'Bàn phím Logitech G715 TKL Off White Tactile (920-010467)',1,'40357cea-b2b8-4ad2-b68a-6e10e7712cf3_8.1.webp',9,16);
/*!40000 ALTER TABLE `products` ENABLE KEYS */;
UNLOCK TABLES;

--
-- Table structure for table `roles`
--

DROP TABLE IF EXISTS `roles`;
/*!40101 SET @saved_cs_client     = @@character_set_client */;
/*!50503 SET character_set_client = utf8mb4 */;
CREATE TABLE `roles` (
  `role_id` varchar(255) NOT NULL,
  `description` varchar(255) DEFAULT NULL,
  PRIMARY KEY (`role_id`)
) ENGINE=InnoDB DEFAULT CHARSET=utf8mb4 COLLATE=utf8mb4_0900_ai_ci;
/*!40101 SET character_set_client = @saved_cs_client */;

--
-- Dumping data for table `roles`
--

LOCK TABLES `roles` WRITE;
/*!40000 ALTER TABLE `roles` DISABLE KEYS */;
INSERT INTO `roles` VALUES ('ADMIN',NULL),('USER',NULL);
/*!40000 ALTER TABLE `roles` ENABLE KEYS */;
UNLOCK TABLES;

--
-- Table structure for table `shipping_methods`
--

DROP TABLE IF EXISTS `shipping_methods`;
/*!40101 SET @saved_cs_client     = @@character_set_client */;
/*!50503 SET character_set_client = utf8mb4 */;
CREATE TABLE `shipping_methods` (
  `shipping_names` varchar(255) NOT NULL,
  `description` varchar(255) DEFAULT NULL,
  PRIMARY KEY (`shipping_names`)
) ENGINE=InnoDB DEFAULT CHARSET=utf8mb4 COLLATE=utf8mb4_0900_ai_ci;
/*!40101 SET character_set_client = @saved_cs_client */;

--
-- Dumping data for table `shipping_methods`
--

LOCK TABLES `shipping_methods` WRITE;
/*!40000 ALTER TABLE `shipping_methods` DISABLE KEYS */;
/*!40000 ALTER TABLE `shipping_methods` ENABLE KEYS */;
UNLOCK TABLES;

--
-- Table structure for table `shoppingcarts`
--

DROP TABLE IF EXISTS `shoppingcarts`;
/*!40101 SET @saved_cs_client     = @@character_set_client */;
/*!50503 SET character_set_client = utf8mb4 */;
CREATE TABLE `shoppingcarts` (
  `cart_id` bigint NOT NULL AUTO_INCREMENT,
  PRIMARY KEY (`cart_id`)
) ENGINE=InnoDB AUTO_INCREMENT=5 DEFAULT CHARSET=utf8mb4 COLLATE=utf8mb4_0900_ai_ci;
/*!40101 SET character_set_client = @saved_cs_client */;

--
-- Dumping data for table `shoppingcarts`
--

LOCK TABLES `shoppingcarts` WRITE;
/*!40000 ALTER TABLE `shoppingcarts` DISABLE KEYS */;
INSERT INTO `shoppingcarts` VALUES (1),(2),(3),(4);
/*!40000 ALTER TABLE `shoppingcarts` ENABLE KEYS */;
UNLOCK TABLES;

--
-- Table structure for table `specifications`
--

DROP TABLE IF EXISTS `specifications`;
/*!40101 SET @saved_cs_client     = @@character_set_client */;
/*!50503 SET character_set_client = utf8mb4 */;
CREATE TABLE `specifications` (
  `spec_id` bigint NOT NULL AUTO_INCREMENT,
  `spec_key` varchar(255) DEFAULT NULL,
  `spec_value` varchar(255) DEFAULT NULL,
  `product_id` bigint NOT NULL,
  `brief_spec_value` varchar(255) DEFAULT NULL,
  PRIMARY KEY (`spec_id`),
  KEY `FK8mklfk5ymdkx8nfr7rddr60af` (`product_id`),
  CONSTRAINT `FK8mklfk5ymdkx8nfr7rddr60af` FOREIGN KEY (`product_id`) REFERENCES `products` (`product_id`) ON DELETE CASCADE ON UPDATE CASCADE
) ENGINE=InnoDB AUTO_INCREMENT=387 DEFAULT CHARSET=utf8mb4 COLLATE=utf8mb4_0900_ai_ci;
/*!40101 SET character_set_client = @saved_cs_client */;

--
-- Dumping data for table `specifications`
--

LOCK TABLES `specifications` WRITE;
/*!40000 ALTER TABLE `specifications` DISABLE KEYS */;
INSERT INTO `specifications` VALUES (43,'RAM','8GB DDR4 3200MHz (2x SO-DIMM socket, up to 32GB SDRAM)',8,'8 GB'),(44,'VGA','NVIDIA® GeForce® GTX 1650 4GB + AMD Radeon Graphics',8,'GTX 1650'),(45,'OS','Windows 11 Home',8,NULL),(46,'Webcam','HD Webcam',8,NULL),(47,'Color','Đen',8,NULL),(48,'Size','363.4 x 255 x 23.9 mm',8,NULL),(49,'Screen','15.6 FHD (1920 x 1080) IPS, 144Hz, Anti-Glare',8,'15.6 inch FHD'),(50,'Storage','512GB SSD M.2 PCIE (Còn trống 1 khe SSD M.2 PCIE và 1 khe 2.5 SATA)',8,'512 GB'),(51,'Keyboard','RGB 4 vùng',8,NULL),(52,'Processor','Ryzen 5 5600H ( 3.30 GHz - 4.20 GHz, Hexa-core (6 Core) , Cache 16 MB )',8,'R5-5600H'),(53,'Weight','2.30 kg',8,NULL),(54,'Keyboard','Backlit Chiclet Keyboard Per-Key RGB',9,NULL),(55,'Storage','512GB PCIe® 4.0 NVMe™ M.2 SSD (Còn 1 slot M.2 NVMe)',9,'512 GB'),(56,'OS','Windows 11 Home',9,NULL),(57,'RAM','16GB (1x16GB) DDR5 4800MHz  (2x SO-DIMM slots, up to 32GB)',9,'16GB'),(58,'Weight','2.5 kg',9,NULL),(59,'Size','35.4 x 26.4 x 2.26 ~ 3.04 cm',9,NULL),(60,'VGA','NVIDIA® GeForce RTX™ 4070 Laptop GPU 8GB GDDR6, MUX Switch + Optimus, ROG Boost: 2225MHz* at 140W (2175MHz Boost Clock+50MHz OC, 115W+25W Dynamic Boost)',9,'RTX 4070'),(61,'Webcam','720P HD camera',9,NULL),(62,'Processor','13th Gen Intel® Core™ i7-13650HX Processor 2.6 GHz 24M Cache, up to 4.9 GHz, 14 cores: 6 P-cores and 8 E-cores)',9,'i7-13650HX'),(63,'Color','Eclipse Gray',9,NULL),(64,'Screen','16 QHD+ 16:10 (2560 x 1600, WQXGA), IPS Non-Glare, NanoEdge, DCI-P3:100.00%, 500nits, 240Hz/3ms, G-Sync, Pantone Validated, ROG Nebula Display, Support Dolby Vision HDR',9,'16 inch QHD+'),(65,'OS','Windows 11 Home',10,NULL),(66,'Keyboard','Backlit Chiclet Keyboard 1-Zone RGB',10,NULL),(67,'Weight','2.2 kg',10,NULL),(68,'Size','35.4 x 25.1 x 2.24 ~ 2.49 cm',10,NULL),(69,'Webcam','HD 720p',10,NULL),(70,'Screen','15.6 FHD (1920 x 1080) 16:9 IPS, 144Hz, Wide View, 250nits, Narrow Bezel, Non-Glare with 72% NTSC, 100% sRGB, G-Sync',10,'15.6 inch FHD'),(71,'Processor','AMD Ryzen™ 7 7735HS Mobile Processor (8-core/16-thread, 16MB L3 cache, up to 4.7 GHz max boost)',10,'R7-7735HS'),(72,'VGA','NVIDIA® GeForce RTX™ 4060 Laptop GPU 8GB GDDR6, 2420MHz* at 140W (2370MHz Boost Clock+50MHz OC, 115W+25W Dynamic Boost) + AMD Radeon™ Navi2 Graphics, MUX Switch + NVIDIA® Advanced Optimus',10,'RTX 4060'),(73,'RAM','8GB DDR5 4800MHz (2x SO-DIMM socket, up to 32GB SDRAM)',10,'8 GB'),(74,'Storage','512GB PCIe® 4.0 NVMe™ M.2 SSD (2230) (Còn trống 1 khe SSD M.2 PCIE)',10,'512 GB'),(75,'Color','Jaeger Gray',10,NULL),(76,'Screen','15.6 inch FHD (1920 x 1080) IPS, 144Hz, Wide View, 250nits, Narrow Bezel, Anti-Glare with 45% NTSC, Adaptive-Sync',11,'15.6 inch FHD'),(77,'OS','Windows 11 Home',11,NULL),(78,'Keyboard','Backlit Chiclet Keyboard 1-Zone RGB',11,NULL),(79,'Weight','2.2 kg',11,NULL),(80,'Size','35.4 x 25.1 x 2.24 ~ 2.49 cm',11,NULL),(81,'Webcam','HD 720p',11,NULL),(82,'VGA','NVIDIA® GeForce RTX™ 3050 Laptop GPU 4GB GDDR6, 1790MHz* at 95W (1740MHz Boost Clock+50MHz OC, 80W+15W Dynamic Boost), MUX Switch + Optimus',11,'RTX 3050'),(83,'Processor','Intel® Core™ i5-12500H Processor 2.5 GHz (18M Cache, up to 4.5 GHz, 12 cores: 4 P-cores and 8 E-cores)',11,'i5-12500H'),(84,'RAM','16GB (2 x 8GB) DDR4 3200MHz (2x SO-DIMM socket, up to 32GB SDRAM)',11,'8 GB'),(85,'Storage','512GB PCIe® 3.0 NVMe™ M.2 SSD (Còn trống 1 khe SSD M.2 PCIE)',11,'512 GB'),(86,'Color','Jaeger Gray',11,NULL),(87,'Weight','1.80 kg (3.97 lbs)',12,NULL),(88,'Color','Indie Black',12,NULL),(89,'OS','Windows 11 Home',12,NULL),(90,'Processor','Intel® Core™ i5-12500H Processor 2.5 GHz (18M Cache, up to 4.5 GHz, 4P+8E cores)',12,'i5-12500H'),(91,'RAM','16GB (8GB Onboard + 8GB Sodimm) DDR4 3200MHz',12,'16 GB'),(92,'Keyboard','Backlit Chiclet Keyboard with Num-key',12,NULL),(93,'Screen','16.0-inch WUXGA (1920 x 1200) 16:10, IPS-level Panel, 144Hz, 300nits, 45% NTSC color gamut, Anti-glare display, TÜV Rheinland-certified',12,'16 inch WUXGA'),(94,'Storage','512GB M.2 NVMe™ PCIe® 4.0 SSD',12,'512 GB'),(95,'Size','35.86 x 24.91 x 1.89 ~ 1.89 cm',12,NULL),(96,'VGA','NVIDIA® GeForce® RTX™ 2050 4GB GDDR6',12,'RTX 2050'),(97,'Webcam','720p HD camera ; With privacy shutter',12,NULL),(98,'VGA','NVIDIA® GeForce® RTX™2050 4GB GDDR6',13,'RTX 2050'),(99,'Weight','1.7 kg',13,NULL),(100,'Color','Steel Gray',13,NULL),(101,'Size','361 (W) x 237 (D) x 17.9 (H) mm',13,NULL),(102,'OS','Windows 11 Home',13,NULL),(103,'Storage','512GB PCIe NVMe Gen4 (2 khe, nâng cấp tối đa 2TB SSD)',13,'512 GB'),(104,'Keyboard','',13,NULL),(105,'RAM','8GB DDR4 3200MHz (2 khe, nâng cấp tối đa 32GB)',13,'8 GB'),(106,'Screen','15.6 inch FHD (1920 x 1080) IPS SlimBezel, Anti-Glare, 60Hz, Acer ComfyView',13,'15.6 inch FHD'),(107,'Webcam','1080p HD video at 60 fps with Temporal Noise Reduction',13,NULL),(108,'Processor','Intel® Core™ i5-13420H (3.40GHz Up to 4.60Ghz, 8 Cores 12 Threads, 12 MB Intel® Smart Cache)',13,'i5-13420H'),(109,'Storage','512GB PCIe NVMe SED SSD (Còn trống 1 khe SSD M.2 PCIe Gen 4)',14,'512 GB'),(110,'Screen','16 inch WQXGA (2560x1600) IPS, Slim Bezel, 165Hz, 500 nits, sRGB 100%, Acer ComfyView™',14,'16 inch WQXGA'),(111,'Processor','AMD Ryzen™ 7 7840HS 3.8GHz up to 5.1GHz 16MB',14,'R7-7840HS'),(112,'OS','Windows 11 Home',14,NULL),(113,'Webcam','720p HD video at 30 fps with Temporal Noise Reduction',14,NULL),(114,'Color','Obsidian Black',14,NULL),(115,'Size','360.1 x 279.9 x 25.9~27.9 (mm)',14,NULL),(116,'VGA','NVIDIA® GeForce RTX™ 4060 8GB GDDR6 + AMD Radeon™ 780M',14,'RTX 4060'),(117,'RAM','16GB DDR5 5600MHz (2x SO-DIMM socket, up to 32GB SDRAM)',14,'16 GB'),(118,'Weight','2.7 kg',14,NULL),(119,'Keyboard','RGB 4 vùng',14,NULL),(120,'OS','Windows 11 Home',15,NULL),(121,'RAM','16GB (2x8GB) DDR5 4800MHz (2x SO-DIMM socket, up to 32GB SDRAM)',15,'16 GB'),(122,'Storage','16GB (2x8GB) DDR5 4800MHz (2x SO-DIMM socket, up to 32GB SDRAM)',15,'512 GB'),(123,'VGA','NVIDIA® GeForce RTX™ 3060 with 6 GB of dedicated GDDR6 VRAM',15,'RTX 3060'),(124,'Webcam','720p HD video at 30 fps with Temporal Noise Reduction',15,NULL),(125,'Weight','2.5 kg',15,NULL),(126,'Color','Obsidian Black',15,NULL),(127,'Keyboard','RGB 4 Zone',15,NULL),(128,'Size','360.4 x 271.09 x 25.9~26.9 (mm)',15,NULL),(129,'Processor','AMD Ryzen™ 7 6800H (3.2 GHz up to 4.7 GHz, 8 nhân 16 luồng, L2 Cache: 4MB, L3 Cache: 16MB)',15,'R7-6800H'),(130,'Screen','15.6 inch FHD (1920 x 1080) IPS 165Hz SlimBezel, 100% sRGB, Acer ComfyViewTM LED-backlit TFT LCD',15,'15.6 inch FHD'),(131,'RAM','8GB DDR4 3200MHz (2x SO-DIMM socket, up to 32GB SDRAM)',16,'8 GB'),(132,'VGA','NVIDIA® GeForce RTX™ 3050 4GB GDDR6',16,'RTX 3050'),(133,'Webcam','HD Webcam',16,NULL),(134,'OS','Windows 11 Home',16,NULL),(135,'Weight','2.5 kg',16,NULL),(136,'Color','Obsidian Black',16,NULL),(137,'Screen','15.6 inch FHD (1920 x 1080) IPS 144Hz SlimBezel',16,'15.6 inch FHD'),(138,'Size','360.4 x 271.09 x 25.9 mm',16,NULL),(139,'Processor','Intel® Core™ i5-12450H 3.3GHz up to 4.4GHz 12MB',16,'i5-12450H'),(140,'Keyboard','RGB 4 vùng',16,NULL),(141,'Storage','512GB SSD M.2 PCIE (nâng cấp tối đa 1TB SSD PCIe Gen3, 8 Gb/s, NVMe và 2TB HDD 2.5-inch 5400 RPM) (Còn trống 1 khe SSD M.2 PCIE và 1 khe 2.5\" SATA)',16,'512 GB'),(142,'VGA','NVIDIA® GeForce RTX™ 2050 4 GB GDDR6',17,'RTX 2050'),(143,'Processor','Intel Core i5-13420H (3.4GHz up to 4.6GHz 12MB Smart Cache, 8 nhân 12 luồng)',17,'i5-13420H'),(144,'OS','Windows 11 Home',17,NULL),(145,'Color','Obsidian Black',17,NULL),(146,'Weight','2.1 kg',17,NULL),(147,'Webcam','720p HD audio/video recording',17,NULL),(148,'Size','362.3 (W) x 239.89 (D) x 22.9/26.9 (H) mm',17,NULL),(149,'Keyboard','Led trắng',17,NULL),(150,'RAM','8GB DDR5 5200MHz (2x SO-DIMM socket, up to 32GB SDRAM)',17,'8 GB'),(151,'Storage','512GB PCIe NVMe SED SSD (Còn trống 1 khe SSD M.2 PCIE, nâng cấp tối đa 2TB)',17,'512 GB'),(152,'Screen','15.6 inch FHD (1920 x 1080) IPS, 144Hz, 250 nits, Acer ComfyView LED-backlit TFT LCD, 45% NTSC',17,'15.6 inch FHD'),(153,'Refresh Hertz','',8,'144 Hz'),(154,'Refresh Hertz','',9,'240 Hz'),(155,'Refresh Hertz','',10,'144 Hz'),(156,'Refresh Hertz','',11,'144 Hz'),(157,'Refresh Hertz','',12,'144 Hz'),(158,'Refresh Hertz','',13,'60 Hz'),(159,'Refresh Hertz','',14,'165 Hz'),(160,'Refresh Hertz','',15,'165 Hz'),(161,'Refresh Hertz','',16,'144 Hz'),(162,'Refresh Hertz','',17,'144 Hz'),(163,'OS','Windows 11 Home',18,NULL),(164,'Refresh Hertz','',18,NULL),(165,'Screen','15.6 FHD (1920 x 1080), Acer ComfyView LED-backlit TFT LCD',18,'15.6 FHD'),(166,'Keyboard','Không LED',18,NULL),(167,'RAM','8GB (4GB Onboard + 4GB) DDR4 2400MHz (1x SO-DIMM socket, up to 12GB SDRAM)',18,'8 GB'),(168,'Color','Bạc',18,NULL),(169,'Processor','Intel Core i5-1135G7 2.4GHz up to 4.2GHz 8MB',18,'i5-1135G7'),(170,'Webcam','720p HD audio/video recording',18,NULL),(171,'Weight','1.7 kg',18,NULL),(172,'Size','363 x 238.4 x 19.9 (mm)',18,NULL),(173,'Storage','512GB PCIe NVMe SSD (Còn trống 1 khe 2.5\" SATA)',18,'512 GB'),(174,'VGA','Intel Iris Xe Graphics',18,NULL),(175,'Size','325.5 x 226.49 x 16.6 mm (12.81 x 8.92 x 0.65 inches)',19,NULL),(176,'OS','Windows 11 Home',19,NULL),(177,'Screen','14.5 2.8K (2880x1800) OLED 400nits Glossy, 100% P3, 120Hz, Eyesafe®, Dolby Vision®, DisplayHDR™ True Black 500, Glass',19,'14.5 inch 2.8K OLED'),(178,'RAM','32GB Soldered LPDDR5x-7467 Onboard dual-channel (Không nâng cấp)',19,'32 GB'),(179,'Color','Bạc',19,NULL),(180,'Processor','Intel® Core™ Ultra 7 155H, 16C (6P + 8E + 2LPE) / 22T, Max Turbo up to 4.8GHz, 24MB',19,'Ultra 7 155H'),(181,'Weight','Starting at 1.59 kg (3.50 lbs)',19,NULL),(182,'Storage','512GB PCIe NVMe SSD (Còn trống 1 khe 2.5\" SATA)',19,'1 TB'),(183,'VGA','NVIDIA® GeForce RTX™ 4050 6GB GDDR6',19,'RTX 4050'),(184,'Keyboard','Backlit, English',19,NULL),(185,'Refresh Hertz','',19,'120 Hz'),(186,'Webcam','FHD 1080p + IR with E-shutter',19,NULL),(187,'Processor','Intel® Core™ i3-1315U, 6C (2P + 4E) / 8T, P-core 1.2 / 4.5GHz, E-core 0.9 / 3.3GHz, 10MB',20,'i3-1315U'),(188,'Screen','14 FHD (1920x1080) IPS 300nits, Anti-glare, 45% NTSC',20,'14 inch FHD IPS'),(189,'Refresh Hertz','',20,NULL),(190,'Webcam','HD 720p with Privacy Shutter',20,''),(191,'RAM','GB (1x8GB) DDR4 3200MHz onboard (còn 1 slot, nâng cấp tối đa 16GB)',20,'8 GB'),(192,'Storage','512GB SSD M.2 2242 PCIe® 4.0x4 NVMe® (Còn trống 1 khe 2.5\" HDD up to 1TB, Không kèm cáp Sata HDD)',20,'512 GB'),(193,'OS','Windows 11 Home',20,''),(194,'Color','Iron Grey',20,''),(195,'VGA','Intel® UHD Graphics',20,'Onboard'),(196,'Keyboard','Bàn phím tiêu chuẩn, không LED',20,''),(197,'Size','324.2 x 215.2 x 19.9 mm',20,''),(198,'Weight','1.43 kg',20,''),(199,'Screen','14 FHD (1920x1080) IPS 300nits, Anti-glare, 45% NTSC',21,'14 inch FHD IPS'),(200,'Refresh Hertz','',21,NULL),(201,'RAM','16GB (2x8GB) DDR4 3200MHz onboard (Không nâng cấp)',21,'16 GB'),(202,'Storage','512GB SSD M.2 2242 PCIe® 4.0x4 NVMe® (Còn trống 1 khe 2.5 HDD up to 1TB, Không kèm cáp Sata HDD)',21,'512 GB'),(203,'Webcam','HD 720p with Privacy Shutter',21,''),(204,'Processor','Intel® Core™ i5-13420H, 8C (4P + 4E) / 12T, P-core 2.1 / 4.6GHz, E-core 1.5 / 3.4GHz, 12MB',21,'i5-13420H'),(205,'OS','Windows 11 Home',21,''),(206,'Color','Iron Grey',21,''),(207,'VGA','Intel® UHD Graphics',21,'Onboard'),(208,'Keyboard','Bàn phím tiêu chuẩn, không LED',21,''),(209,'Size','324.2 x 215.2 x 19.9 mm',21,''),(210,'Weight','1.43 kg',21,''),(211,'Weight','1.7 kg',22,''),(212,'Color','Cool Silver',22,''),(213,'Size','35.68 x 22.76 x 1.99 cm',22,''),(214,'RAM','16GB (8GB Onboard + 8GB Sodimm) DDR4 3200MHz ',22,'16 GB'),(215,'Webcam','720p HD camera With privacy shutter',22,''),(216,'Storage','512GB M.2 NVMe™ PCIe® 3.0 SSD (1 slot, support M.2 2280 PCIe 3.0x4)',22,'512 GB'),(217,'Screen','15.6inch 2.8K (2880 x 1620) OLED 16:9, 120Hz 0.2ms,',22,'15.6 inch 2.8K OLED'),(218,'OS','Windows 11 Home',22,''),(219,'Keyboard','Chiclet Keyboard with Num-key',22,''),(220,'Processor','Intel® Core™ i5-13500H Processor 2.6 GHz (18MB Cache, up to 4.7 GHz, 12 cores, 16 Threads)',22,'i5-13500H'),(221,'VGA','Intel Iris Xe Graphics (with dual channel memory)',22,'Onboard'),(222,'Refresh Hertz','',22,'120 Hz'),(223,'Size','35.36 x 24.69 x 1.39 ~ 1.59 cm',23,''),(224,'Processor','Intel® Core™ Ultra 7 Processor 155H 1.4 GHz (24MB Cache, up to 4.8 GHz, 16 cores, 22 Threads); Intel® AI Boost NPU',23,'Ultra 7 155H'),(225,'Keyboard','',23,''),(226,'Color','Mist Blue Aluminum',23,''),(227,'Storage','512GB M.2 NVMe™ PCIe® 4.0 SSD',23,'512 GB'),(228,'VGA','Intel® Arc™ Graphics',23,'Intel Arc'),(229,'RAM','16GB LPDDR5X Onboard 7467Mhz',23,'16 GB'),(230,'OS','Windows 11 Home',23,''),(231,'Screen','16 inch 3.2K (3200 x 2000) OLED 16:10 aspect ratio, 120Hz refresh rate, 600nits HDR peak brightness, 100% DCI-P3 color gamut,',23,'16 inch 3.2K OLED'),(232,'Weight','1.5 kg',23,''),(233,'Refresh Hertz','',23,'120 Hz'),(234,'Webcam','FHD camera with IR function to support Windows Hello ; With privacy shutter',23,''),(235,'VGA','Intel® Arc™ Graphics',24,'Onboard'),(236,'Processor','Intel® Core™ Ultra 5 Processor 125H 1.2 GHz (18MB Cache, up to 4.5 GHz, 14 cores, 18 Threads)',24,'Ultra 5-125H'),(237,'Screen','14.0-inch 3K (2880 x 1800) OLED 16:10, LED Backlit, 0.2ms, 120Hz, 400nits, 600nits HDR peak brightness',24,''),(238,'Weight','1.20 kg',24,''),(239,'Refresh Hertz','',24,NULL),(240,'RAM','16GB LPDDR5X on board Dual-channel (Không nâng cấp)',24,'16 GB'),(241,'Storage','512GB M.2 NVMe™ PCIe® 4.0 SSD',24,'512 GB'),(242,'OS','Windows 11 Home',24,''),(243,'Color','Ponder Blue',24,''),(244,'Size','31.24 x 22.01 x 1.49 ~ 1.49 cm',24,''),(245,'Keyboard','Backlit Chiclet Keyboard',24,''),(246,'Webcam','FHD camera with IR function to support Windows Hello ; With privacy shutter',24,''),(247,'RAM','32GB LPDDR5X Onboard (Không nâng cấp)',25,'32 GB'),(248,'Weight','1.65 kg',25,''),(249,'Refresh Hertz','31.35 x 21.79 x 1.46 ~ 1.99 cm ',25,'120 Hz'),(250,'Webcam','Máy ảnh FHD có chức năng IR hỗ trợ Windows Hello',25,''),(251,'Color','Inkwell Gray',25,''),(252,'Storage','1TB M.2 NVMe™ PCIe® 4.0 SSD (Không nâng cấp)',25,'1 TB'),(253,'OS','Windows 11 Home',25,''),(254,'Processor','Intel® Core™ Ultra 9 Processor 185H 2.3 GHz (24MB Cache, up to 5.1 GHz, 16 cores, 22 Threads); Intel® AI Boost NPU',25,'Ultra 9 185H'),(255,'VGA','Intel® Arc™ Graphics',25,'Intel Arc'),(256,'Keyboard','Bàn phím Mềm, Hành trình phím 1,4mm',25,''),(257,'Size','',25,''),(258,'Screen','2x 14.0 inch 3K (2880 x 1800) OLED 16:10 , 0.2ms response time, 120Hz, 400nits, 500nits HDR peak brightness, 100% DCI-P3',25,'14 inch 3K OLED TOUCH'),(259,'RAM','16GB LPDDR5X Onboard (Không nâng cấp)',26,'16 GB'),(260,'Weight','1.65 kg',26,''),(261,'Storage','512GB M.2 NVMe™ PCIe® 4.0 SSD',26,'512 GB'),(262,'Webcam','Máy ảnh FHD có chức năng IR hỗ trợ Windows Hello',26,''),(263,'Color','Inkwell Gray',26,''),(264,'Size','31.35 x 21.79 x 1.46 ~ 1.99 cm',26,''),(265,'Refresh Hertz','',26,'120 Hz'),(266,'Processor','Intel® Core™ Ultra 7 Processor 155H 1.4 GHz (24MB Cache, up to 4.8 GHz, 16 cores, 22 Threads); Intel® AI Boost NPU',26,'Ultra 7 155H'),(267,'OS','Windows 11 Home',26,''),(268,'VGA','Intel® Arc™ Graphics',26,'Intel Arc'),(269,'Keyboard','Bàn phím Mềm, Hành trình phím 1,4mm',26,''),(270,'Screen','2x 14.0 inch 3K (2880 x 1800) OLED 16:10 , 0.2ms response time, 120Hz, 400nits, 500nits HDR peak brightness, 100% DCI-P3',26,'14 inch 3K OLED TOUCH'),(271,'RAM','16GB LPDDR5 6000MHz (Dual Channel, Onboard, không nâng cấp)',27,'16 GB'),(272,'VGA','Intel Iris Xe Graphics',27,'Onboard'),(273,'Refresh Hertz','',27,NULL),(274,'Storage','512GB PCIe NVMe M.2 SSD (2 slot, còn trống 1 khe M.2)',27,'512 GB'),(275,'Color','Trắng',27,''),(276,'Weight','999 gram',27,''),(277,'OS','Windows 11 Home',27,''),(278,'Keyboard','LED trắng',27,''),(279,'Webcam','FHD IR Webcam (Nhận diện khuôn mặt Hello Windows) ',27,''),(280,'Screen','14 inch WQXGA+ 2K8 (2880 x 1800), 16:10, OLED 90Hz 0.2ms, DCI-P3 100%, LGD, 500 nits, Anti-Glare Flow Refrection',27,'14 inch 2K8 OLED'),(281,'Processor','Intel Core i5-1340P (12 Cores: 4P + 8E, P: 1.9 up to 4.6 GHz / E: 1.4 up to 3.4 GHz) 12 MB Cache',27,'i5-1340P'),(282,'Size','31.16 cm x 21.39 cm x 1.59  cm',27,''),(283,'Screen','24 inch',28,'24 inch'),(284,'Màn hình hiển thị','527.04 x 296.46 mm',28,''),(285,'Bảo hành','36 tháng',28,''),(286,'Góc hiển thị','178°/ 178°',28,''),(287,'IPS','Fast IPS',28,'IPS'),(288,'Resolution','1920 x 1080',28,'Full HD (1920x1080)'),(289,'Refresh Hertz','180Hz',28,'180Hz'),(290,'Màu sắc hiển thị','16.7 triệu màu sắc, sRGB 99%',28,''),(291,'Tỉ lệ khung hình','16:9',28,''),(292,'Loại màn hình','LED',28,''),(293,'Màn hình hiển thị','',29,''),(294,'Kiểu màn hình','',29,'Phẳng'),(295,'Screen','',29,'25 inch'),(296,'Bảo hành','',29,'36 tháng'),(297,'IPS','',29,'IPS'),(298,'Resolution','',29,'Full HD (1920x1080)'),(299,'Refresh Hertz','',29,'120 Hz'),(300,'Tương thích VESA','',30,'100 x 100 mm'),(301,'Không gian màu','',30,'16.7 triệu'),(302,'Resolution','',30,'2K (2560 x 1440)'),(303,'Screen','',30,'27 inch'),(304,'Bảo hành','',30,'36 tháng'),(305,'IPS','',30,'IPS'),(306,'Refresh Hertz','',30,'120 Hz'),(307,'Trọng lượng','',31,'600g'),(308,'Kết nối','',31,'1.8m (Type-C; rời)'),(309,'Keycap','',31,'PBT'),(310,'Size','',31,'TKL'),(311,'Keycaps','',31,'PBT Double-shot'),(312,'Bảo hành','',31,'24 tháng'),(313,'Số phím','',31,'68 phím'),(314,'Wired','',31,'Có dây'),(315,'Kích thước','',31,'338 x 121 x 38mm'),(316,'LED','',31,'RGB'),(317,'Size','',32,'Full Size'),(318,'Keycap','',32,'PBT'),(319,'Kết nối','',32,'Bluetooth (Wireless)'),(320,'Pin','',32,'4000 mAh'),(321,'Kích thước','',32,'392 x 150 x 40mm'),(322,'Wired','',32,'Không dây'),(323,'Switch','',32,'DareU Dream - Hotswap'),(324,'Bảo hành','',32,'24 tháng'),(325,'Keycaps','',32,'Cherry profile; PBT Double-Shot'),(326,'Trọng lượng','',32,'925g'),(327,'LED','',32,'RGB'),(335,'Keycaps','',34,'PBT Double Shot OEM profile'),(336,'Keycap','',34,'PBT'),(337,'Số phím','',34,'87 phím'),(338,'Size','',34,'TKL'),(339,'Bảo hành','',34,'24 tháng'),(340,'Wired','',34,'Có dây'),(341,'LED','',34,'RGB'),(342,'Keycap','',35,'ABS'),(343,'Size','',35,'TKL'),(344,'Bảo hành','',35,'24 tháng'),(345,'Keycaps','',35,'Doubleshot ABS Keycap'),(346,'Switch','',35,'Razer Analog Optical Switch Gen-2'),(347,'Wired','',35,'Có dây'),(348,'Kết nối','',35,'Cáp Type C có thể tháo rời'),(349,'LED','',35,'Razer Chroma™ RGB'),(350,'Size','',36,'Full Size'),(351,'Switch','',36,'Razer Mechanical Yellow'),(352,'Keycap','',36,'ABS'),(353,'Keycaps','',36,'ABS Doubleshot'),(354,'Wired','',36,'Có dây'),(355,'LED','',36,'Led RGB Chroma 16.8 triệu màu'),(356,'Kết nối','',36,'Cáp Type C có thể tháo rời'),(357,'Bảo hành','',36,'24 Tháng'),(358,'Size','',37,'Full Size'),(359,'Kết nối','Có dây',37,''),(360,'Kiểu bàn phím','Full Size',37,''),(361,'Keycap','',37,'ABS'),(362,'Kê tay','Có',37,''),(363,'Keycaps','UV-coated ABS',37,''),(364,'Switch','Razer™ Mecha-Membrane',37,''),(365,'Wired','',37,'Có dây'),(366,'Bảo hành','',37,'24 Tháng'),(367,'LED','Razer Chroma RGB',37,''),(368,'Keycap','',38,'PBT'),(369,'Wired','',38,'Không dây'),(370,'Switch','',38,'Quang học'),(371,'Bảo hành','',38,'24 tháng'),(372,'Size','',38,'Mini Size'),(373,'LED','',38,'RGB'),(374,'Pin','',38,'65 giờ'),(375,'Keycaps','PBT đúc 2 lớp',39,''),(376,'Màu','Trắng',39,''),(377,'Pin','lithium polymer',39,''),(378,'Keycap','',39,'PBT'),(379,'Switch','Tactile',39,''),(380,'Wired','',39,'Không dây'),(381,'Bảo hành','24 Tháng',39,''),(382,'Size','',39,'TKL'),(383,'Số phím','87 phím',39,''),(384,'Trọng lượng','976 g',39,''),(385,'Kích thước','370,6 x 157 x 37,2 mm',39,''),(386,'Kết nối','Công nghệ LIGHTSPEED không dây Bluetooth',39,'');
/*!40000 ALTER TABLE `specifications` ENABLE KEYS */;
UNLOCK TABLES;

--
-- Table structure for table `users`
--

DROP TABLE IF EXISTS `users`;
/*!40101 SET @saved_cs_client     = @@character_set_client */;
/*!50503 SET character_set_client = utf8mb4 */;
CREATE TABLE `users` (
  `user_id` bigint NOT NULL AUTO_INCREMENT,
  `date_created` datetime(6) DEFAULT NULL,
  `date_modified` datetime(6) DEFAULT NULL,
  `dob` date DEFAULT NULL,
  `email` varchar(255) DEFAULT NULL,
  `full_name` varchar(255) DEFAULT NULL,
  `password` varchar(255) DEFAULT NULL,
  `phone_number` varchar(255) DEFAULT NULL,
  `state` int DEFAULT NULL,
  `user_name` varchar(255) DEFAULT NULL,
  `shopping_cart_id` bigint DEFAULT NULL,
  PRIMARY KEY (`user_id`),
  UNIQUE KEY `UKl51aco4o5w0pugw3cpbtundkt` (`shopping_cart_id`),
  CONSTRAINT `FKj1jbexjbp7h8e6juslumasrt4` FOREIGN KEY (`shopping_cart_id`) REFERENCES `shoppingcarts` (`cart_id`)
) ENGINE=InnoDB AUTO_INCREMENT=5 DEFAULT CHARSET=utf8mb4 COLLATE=utf8mb4_0900_ai_ci;
/*!40101 SET character_set_client = @saved_cs_client */;

--
-- Dumping data for table `users`
--

LOCK TABLES `users` WRITE;
/*!40000 ALTER TABLE `users` DISABLE KEYS */;
INSERT INTO `users` VALUES (1,'2024-10-29 10:21:55.614529','2024-10-29 10:21:55.614529','2004-09-15','Nguyentruongpro2002222@gmail.com','Nguyen Truyen','$2a$10$pW66oIJBqRxkXXyVMbT40OnMEE.FCRJUFZcN4uDiyQpEmuL1c3Dk2','0971487037',1,'letmehear042234',1),(2,'2024-12-04 21:26:53.996682','2024-12-04 21:26:53.996682','2004-09-15','Nguyentruongpro20@gmail.com','Nguyen Truyen','$2a$10$EOa.l2C3/peyHsKCx6mxk.h5n3yhqsjsREUAkrJT9TTkOczUHlD1.','0971487037',1,'letmehear',2),(3,'2024-12-04 21:58:44.297342','2024-12-04 21:58:44.297342','2004-09-15','Nguyentruongpro20@gmail.com','Nguyen Truyen','$2a$10$b92d1BIaLU9cuNKo4o0/Xe/fr5Wh5M5OkEPFG4CCbFSTVFjXL4MBC','0971487037',1,'letmehear1',3),(4,'2024-12-05 20:56:01.123329','2024-12-05 20:56:01.123329',NULL,NULL,NULL,'$2a$10$8u3zPbM6KrCF07LKVjG9deRWHSwfDbaPfY4FyooCfvP4kRpUsWIdm',NULL,1,'admin',4);
/*!40000 ALTER TABLE `users` ENABLE KEYS */;
UNLOCK TABLES;

--
-- Table structure for table `users_roles`
--

DROP TABLE IF EXISTS `users_roles`;
/*!40101 SET @saved_cs_client     = @@character_set_client */;
/*!50503 SET character_set_client = utf8mb4 */;
CREATE TABLE `users_roles` (
  `user_id` bigint NOT NULL,
  `role_id` varchar(255) NOT NULL,
  PRIMARY KEY (`user_id`,`role_id`),
  KEY `FKj6m8fwv7oqv74fcehir1a9ffy` (`role_id`),
  CONSTRAINT `FK2o0jvgh89lemvvo17cbqvdxaa` FOREIGN KEY (`user_id`) REFERENCES `users` (`user_id`),
  CONSTRAINT `FKj6m8fwv7oqv74fcehir1a9ffy` FOREIGN KEY (`role_id`) REFERENCES `roles` (`role_id`)
) ENGINE=InnoDB DEFAULT CHARSET=utf8mb4 COLLATE=utf8mb4_0900_ai_ci;
/*!40101 SET character_set_client = @saved_cs_client */;

--
-- Dumping data for table `users_roles`
--

LOCK TABLES `users_roles` WRITE;
/*!40000 ALTER TABLE `users_roles` DISABLE KEYS */;
/*!40000 ALTER TABLE `users_roles` ENABLE KEYS */;
UNLOCK TABLES;

--
-- Table structure for table `vouchers`
--

DROP TABLE IF EXISTS `vouchers`;
/*!40101 SET @saved_cs_client     = @@character_set_client */;
/*!50503 SET character_set_client = utf8mb4 */;
CREATE TABLE `vouchers` (
  `voucher_id` bigint NOT NULL AUTO_INCREMENT,
  `maximum_discount_money` float DEFAULT NULL,
  `number_left` int DEFAULT NULL,
  `percent_discount` float DEFAULT NULL,
  `state` int DEFAULT NULL,
  `voucher_name` varchar(255) DEFAULT NULL,
  PRIMARY KEY (`voucher_id`)
) ENGINE=InnoDB DEFAULT CHARSET=utf8mb4 COLLATE=utf8mb4_0900_ai_ci;
/*!40101 SET character_set_client = @saved_cs_client */;

--
-- Dumping data for table `vouchers`
--

LOCK TABLES `vouchers` WRITE;
/*!40000 ALTER TABLE `vouchers` DISABLE KEYS */;
/*!40000 ALTER TABLE `vouchers` ENABLE KEYS */;
UNLOCK TABLES;
/*!40103 SET TIME_ZONE=@OLD_TIME_ZONE */;

/*!40101 SET SQL_MODE=@OLD_SQL_MODE */;
/*!40014 SET FOREIGN_KEY_CHECKS=@OLD_FOREIGN_KEY_CHECKS */;
/*!40014 SET UNIQUE_CHECKS=@OLD_UNIQUE_CHECKS */;
/*!40101 SET CHARACTER_SET_CLIENT=@OLD_CHARACTER_SET_CLIENT */;
/*!40101 SET CHARACTER_SET_RESULTS=@OLD_CHARACTER_SET_RESULTS */;
/*!40101 SET COLLATION_CONNECTION=@OLD_COLLATION_CONNECTION */;
/*!40111 SET SQL_NOTES=@OLD_SQL_NOTES */;

-- Dump completed on 2024-12-06 21:43:54
